--Student
INSERT INTO Student VALUES('HE2','Nguyen Van Quang','True','2002-03-21')
INSERT INTO Student VALUES('HE3','Nguyen Van Duc','True','2002-04-02')
INSERT INTO Student VALUES('HE4','Nguyen Dinh Hoan','True','2002-10-21')
INSERT INTO Student VALUES('HE5','Nguyen Trong Hoang','True','2002-06-12')
INSERT INTO Student VALUES('HE6','Hoang Thanh Huy','True','2002-07-05')
INSERT INTO Student VALUES('HE7','Trieu Duc Thanh','True','2002-07-3')
INSERT INTO Student VALUES('HE8','Nguyen Doanh Thinh','False','2002-8-18')
INSERT INTO Student VALUES('HE9','Nguyen Tuan Anh','False','2002-01-31')
INSERT INTO Student VALUES('HE10','Nguyen Tuan Hiep','False','2002-02-22')
INSERT INTO Student VALUES('HE11','Nguyen Duc Tuan','True','2002-03-13')
INSERT INTO Student VALUES('HE11','Nguyen Duc Canh','True','2002-09-11')
INSERT INTO Student VALUES('HE12','Nguyen Thao Chi','True','2002-07-16')
INSERT INTO Student VALUES('HE13','Nguyen Thanh Tam','True','2002-11-10')
INSERT INTO Student VALUES('HE14','Nguyen Minh Quan','True','2002-09-07')
INSERT INTO Student VALUES('HE15','Nguyen Duc Anh','True','2002-05-15')
SELECT * FROM Student


--As_St
INSERT INTO Assessment_Student VALUES('Q1-PRO','HE1','2022-06-20',8)
INSERT INTO Assessment_Student VALUES('Q2-PRO','HE1','2022-06-21','8.1')
INSERT INTO Assessment_Student VALUES('PT1-PRO','HE1','2022-06-22','9.2')
INSERT INTO Assessment_Student VALUES('PT2-PRO','HE1','2022-06-23','8.3')
INSERT INTO Assessment_Student VALUES('FE-PRO','HE1','2022-06-25','9.1')
INSERT INTO Assessment_Student VALUES('Q1-NWC','HE1','2022-06-20','7')
INSERT INTO Assessment_Student VALUES('Q2-NWC','HE1','2022-06-21','9')
INSERT INTO Assessment_Student VALUES('PT1-NWC','HE1','2022-06-22','8.5')
INSERT INTO Assessment_Student VALUES('PT2-NWC','HE1','2022-06-23','7.5')
INSERT INTO Assessment_Student VALUES('FE-NWC','HE1','2022-06-24',8)
INSERT INTO Assessment_Student VALUES('Q1-MAD','HE1','2022-06-21',9)
INSERT INTO Assessment_Student VALUES('Q2-MAD','HE1','2022-06-21',7.1)
INSERT INTO Assessment_Student VALUES('PT1-MAD','HE1','2022-06-22',8.1)
INSERT INTO Assessment_Student VALUES('PT2-MAD','HE1','2022-06-23',9)
INSERT INTO Assessment_Student VALUES('FE-MAD','HE1','2022-06-25',7.8)
INSERT INTO Assessment_Student VALUES('Q1-DBI','HE1','2022-06-18',9.4)
INSERT INTO Assessment_Student VALUES('Q2-DBI','HE1','2022-06-19',8.2)
INSERT INTO Assessment_Student VALUES('PT1-DBI','HE1','2022-06-21',9.1)
INSERT INTO Assessment_Student VALUES('PT2-DBI','HE1','2022-06-22',9.1)
INSERT INTO Assessment_Student VALUES('FE-DBI','HE1','2022-06-24',8.4)
INSERT INTO Assessment_Student VALUES('Q1-PRO','HE2','2022-06-20',6.2)
INSERT INTO Assessment_Student VALUES('Q2-PRO','HE2','2022-06-21',4)
INSERT INTO Assessment_Student VALUES('PT1-PRO','HE2','2022-06-22',9.2)
INSERT INTO Assessment_Student VALUES('PT2-PRO','HE2','2022-06-23',9.1)
INSERT INTO Assessment_Student VALUES('FE-PRO','HE2','2022-06-25',7.1)
INSERT INTO Assessment_Student VALUES('Q1-NWC','HE2','2022-06-20',8.1)
INSERT INTO Assessment_Student VALUES('Q2-NWC','HE2','2022-06-21',8.1)
INSERT INTO Assessment_Student VALUES('PT1-NWC','HE2','2022-06-22',9.4)
INSERT INTO Assessment_Student VALUES('PT2-NWC','HE2','2022-06-23',7.4)
INSERT INTO Assessment_Student VALUES('FE-NWC','HE2','2022-06-24',6.2)
INSERT INTO Assessment_Student VALUES('Q1-MAD','HE2','2022-06-21',9.4)
INSERT INTO Assessment_Student VALUES('Q2-MAD','HE2','2022-06-21',6.7)
INSERT INTO Assessment_Student VALUES('PT1-MAD','HE2','2022-06-22',8.1)
INSERT INTO Assessment_Student VALUES('PT2-MAD','HE2','2022-06-23',7.9)
INSERT INTO Assessment_Student VALUES('FE-MAD','HE2','2022-06-25',8.4)
INSERT INTO Assessment_Student VALUES('Q1-DBI','HE2','2022-06-18',8.2)
INSERT INTO Assessment_Student VALUES('Q2-DBI','HE2','2022-06-19',8.1)
INSERT INTO Assessment_Student VALUES('PT1-DBI','HE2','2022-06-21',4.2)
INSERT INTO Assessment_Student VALUES('PT2-DBI','HE2','2022-06-22',6.2)
INSERT INTO Assessment_Student VALUES('FE-DBI','HE2','2022-06-24',8.3)
INSERT INTO Assessment_Student VALUES('Q1-PRO','HE3','2022-06-20',6.5)
INSERT INTO Assessment_Student VALUES('Q2-PRO','HE3','2022-06-21',8.2)
INSERT INTO Assessment_Student VALUES('PT1-PRO','HE3','2022-06-22',7.2)
INSERT INTO Assessment_Student VALUES('PT2-PRO','HE3','2022-06-23',8.1)
INSERT INTO Assessment_Student VALUES('FE-PRO','HE3','2022-06-25',6.9)
INSERT INTO Assessment_Student VALUES('Q1-NWC','HE3','2022-06-20',8.1)
INSERT INTO Assessment_Student VALUES('Q2-NWC','HE3','2022-06-21',6.4)
INSERT INTO Assessment_Student VALUES('PT1-NWC','HE3','2022-06-22',5.7)
INSERT INTO Assessment_Student VALUES('PT2-NWC','HE3','2022-06-23',8.3)
INSERT INTO Assessment_Student VALUES('FE-NWC','HE3','2022-06-24',9.1)
INSERT INTO Assessment_Student VALUES('Q1-MAD','HE3','2022-06-21',9.5)
INSERT INTO Assessment_Student VALUES('Q2-MAD','HE3','2022-06-21',6.3)
INSERT INTO Assessment_Student VALUES('PT1-MAD','HE3','2022-06-22',8.9)
INSERT INTO Assessment_Student VALUES('PT2-MAD','HE3','2022-06-23',7)
INSERT INTO Assessment_Student VALUES('FE-MAD','HE3','2022-06-25',9.2)
INSERT INTO Assessment_Student VALUES('Q1-DBI','HE3','2022-06-18',4.2)
INSERT INTO Assessment_Student VALUES('Q2-DBI','HE3','2022-06-19',8.4)
INSERT INTO Assessment_Student VALUES('PT1-DBI','HE3','2022-06-21',8.5)
INSERT INTO Assessment_Student VALUES('PT2-DBI','HE3','2022-06-22',7.6)
INSERT INTO Assessment_Student VALUES('FE-DBI','HE3','2022-06-24',9.2)
INSERT INTO Assessment_Student VALUES('Q1-PRO','HE4','2022-06-20',8.1)
INSERT INTO Assessment_Student VALUES('Q2-PRO','HE4','2022-06-21',7.4)
INSERT INTO Assessment_Student VALUES('PT1-PRO','HE4','2022-06-22',8.3)
INSERT INTO Assessment_Student VALUES('PT2-PRO','HE4','2022-06-23',9.4)
INSERT INTO Assessment_Student VALUES('FE-PRO','HE4','2022-06-25',8.4)
INSERT INTO Assessment_Student VALUES('Q1-NWC','HE4','2022-06-20',9)
INSERT INTO Assessment_Student VALUES('Q2-NWC','HE4','2022-06-21',8.2)
INSERT INTO Assessment_Student VALUES('PT1-NWC','HE4','2022-06-22',7.4)
INSERT INTO Assessment_Student VALUES('PT2-NWC','HE4','2022-06-23',6.7)
INSERT INTO Assessment_Student VALUES('FE-NWC','HE4','2022-06-24',9.4)
INSERT INTO Assessment_Student VALUES('Q1-MAD','HE4','2022-06-21',9.2)
INSERT INTO Assessment_Student VALUES('Q2-MAD','HE4','2022-06-21',4.1)
INSERT INTO Assessment_Student VALUES('PT1-MAD','HE4','2022-06-22',9.2)
INSERT INTO Assessment_Student VALUES('PT2-MAD','HE4','2022-06-23',8)
INSERT INTO Assessment_Student VALUES('FE-MAD','HE4','2022-06-25',8.2)
INSERT INTO Assessment_Student VALUES('Q1-DBI','HE4','2022-06-18',8.1)
INSERT INTO Assessment_Student VALUES('Q2-DBI','HE4','2022-06-19',9.2)
INSERT INTO Assessment_Student VALUES('PT1-DBI','HE4','2022-06-21',8.1)
INSERT INTO Assessment_Student VALUES('PT2-DBI','HE4','2022-06-22',4.2)
INSERT INTO Assessment_Student VALUES('FE-DBI','HE4','2022-06-24',4.8)
INSERT INTO Assessment_Student VALUES('Q1-PRO','HE5','2022-06-20',8)
INSERT INTO Assessment_Student VALUES('Q2-PRO','HE5','2022-06-21',7)
INSERT INTO Assessment_Student VALUES('PT1-PRO','HE5','2022-06-22',9)
INSERT INTO Assessment_Student VALUES('PT2-PRO','HE5','2022-06-23',5.4)
INSERT INTO Assessment_Student VALUES('FE-PRO','HE5','2022-06-25',8.4)
INSERT INTO Assessment_Student VALUES('Q1-NWC','HE5','2022-06-20',8.2)
INSERT INTO Assessment_Student VALUES('Q2-NWC','HE5','2022-06-21',7.3)
INSERT INTO Assessment_Student VALUES('PT1-NWC','HE5','2022-06-22',9.2)
INSERT INTO Assessment_Student VALUES('PT2-NWC','HE5','2022-06-23',5.6)
INSERT INTO Assessment_Student VALUES('FE-NWC','HE5','2022-06-24',6.4)
INSERT INTO Assessment_Student VALUES('Q1-MAD','HE5','2022-06-21',8.3)
INSERT INTO Assessment_Student VALUES('Q2-MAD','HE5','2022-06-21',8.1)
INSERT INTO Assessment_Student VALUES('PT1-MAD','HE5','2022-06-22',5.4)
INSERT INTO Assessment_Student VALUES('PT2-MAD','HE5','2022-06-23',8.2)
INSERT INTO Assessment_Student VALUES('FE-MAD','HE5','2022-06-25',7.4)
INSERT INTO Assessment_Student VALUES('Q1-DBI','HE5','2022-06-18',8.1)
INSERT INTO Assessment_Student VALUES('Q2-DBI','HE5','2022-06-19',6.9)
INSERT INTO Assessment_Student VALUES('PT1-DBI','HE5','2022-06-21',7.5)
INSERT INTO Assessment_Student VALUES('PT2-DBI','HE5','2022-06-22',6.7)
INSERT INTO Assessment_Student VALUES('FE-DBI','HE5','2022-06-24',7.5)
INSERT INTO Assessment_Student VALUES('Q1-PRO','HE6','2022-06-20',8.5)
INSERT INTO Assessment_Student VALUES('Q2-PRO','HE6','2022-06-21',9.1)
INSERT INTO Assessment_Student VALUES('PT1-PRO','HE6','2022-06-22',8.4)
INSERT INTO Assessment_Student VALUES('PT2-PRO','HE6','2022-06-23',9.2)
INSERT INTO Assessment_Student VALUES('FE-PRO','HE6','2022-06-25',7.4)
INSERT INTO Assessment_Student VALUES('Q1-NWC','HE6','2022-06-20',7.4)
INSERT INTO Assessment_Student VALUES('Q2-NWC','HE6','2022-06-21',9.5)
INSERT INTO Assessment_Student VALUES('PT1-NWC','HE6','2022-06-22',5)
INSERT INTO Assessment_Student VALUES('PT2-NWC','HE6','2022-06-23',8.4)
INSERT INTO Assessment_Student VALUES('FE-NWC','HE6','2022-06-24',6.5)
INSERT INTO Assessment_Student VALUES('Q1-MAD','HE6','2022-06-21',8.2)
INSERT INTO Assessment_Student VALUES('Q2-MAD','HE6','2022-06-21',8.1)
INSERT INTO Assessment_Student VALUES('PT1-MAD','HE6','2022-06-22',7.4)
INSERT INTO Assessment_Student VALUES('PT2-MAD','HE6','2022-06-23',8.1)
INSERT INTO Assessment_Student VALUES('FE-MAD','HE6','2022-06-25',9.2)
INSERT INTO Assessment_Student VALUES('Q1-DBI','HE6','2022-06-18',7.5)
INSERT INTO Assessment_Student VALUES('Q2-DBI','HE6','2022-06-19',4.2)
INSERT INTO Assessment_Student VALUES('PT1-DBI','HE6','2022-06-21',8.2)
INSERT INTO Assessment_Student VALUES('PT2-DBI','HE6','2022-06-22',8.1)
INSERT INTO Assessment_Student VALUES('FE-DBI','HE6','2022-06-24',9.4)
INSERT INTO Assessment_Student VALUES('Q1-PRO','HE7','2022-06-20',8.5)
INSERT INTO Assessment_Student VALUES('Q2-PRO','HE7','2022-06-21',8.4)
INSERT INTO Assessment_Student VALUES('PT1-PRO','HE7','2022-06-22',6.5)
INSERT INTO Assessment_Student VALUES('PT2-PRO','HE7','2022-06-23',7.4)
INSERT INTO Assessment_Student VALUES('FE-PRO','HE7','2022-06-25',8.9)
INSERT INTO Assessment_Student VALUES('Q1-NWC','HE7','2022-06-20',8.2)
INSERT INTO Assessment_Student VALUES('Q2-NWC','HE7','2022-06-21',8.4)
INSERT INTO Assessment_Student VALUES('PT1-NWC','HE7','2022-06-22',6.9)
INSERT INTO Assessment_Student VALUES('PT2-NWC','HE7','2022-06-23',8.1)
INSERT INTO Assessment_Student VALUES('FE-NWC','HE7','2022-06-24',6.2)
INSERT INTO Assessment_Student VALUES('Q1-MAD','HE7','2022-06-21',7.4)
INSERT INTO Assessment_Student VALUES('Q2-MAD','HE7','2022-06-21',8.5)
INSERT INTO Assessment_Student VALUES('PT1-MAD','HE7','2022-06-22',9)
INSERT INTO Assessment_Student VALUES('PT2-MAD','HE7','2022-06-23',8)
INSERT INTO Assessment_Student VALUES('FE-MAD','HE7','2022-06-25',8.4)
INSERT INTO Assessment_Student VALUES('Q1-DBI','HE7','2022-06-18',7.4)
INSERT INTO Assessment_Student VALUES('Q2-DBI','HE7','2022-06-19',7.2)
INSERT INTO Assessment_Student VALUES('PT1-DBI','HE7','2022-06-21',8.3)
INSERT INTO Assessment_Student VALUES('PT2-DBI','HE7','2022-06-22',9.2)
INSERT INTO Assessment_Student VALUES('FE-DBI','HE7','2022-06-24',7.3)
INSERT INTO Assessment_Student VALUES('Q1-PRO','HE8','2022-06-20',8.4)
INSERT INTO Assessment_Student VALUES('Q2-PRO','HE8','2022-06-21',8.5)
INSERT INTO Assessment_Student VALUES('PT1-PRO','HE8','2022-06-22',9.1)
INSERT INTO Assessment_Student VALUES('PT2-PRO','HE8','2022-06-23',7.4)
INSERT INTO Assessment_Student VALUES('FE-PRO','HE8','2022-06-25',8)
INSERT INTO Assessment_Student VALUES('Q1-NWC','HE8','2022-06-20',7)
INSERT INTO Assessment_Student VALUES('Q2-NWC','HE8','2022-06-21',9.1)
INSERT INTO Assessment_Student VALUES('PT1-NWC','HE8','2022-06-22',6)
INSERT INTO Assessment_Student VALUES('PT2-NWC','HE8','2022-06-23',9)
INSERT INTO Assessment_Student VALUES('FE-NWC','HE8','2022-06-24',7.5)
INSERT INTO Assessment_Student VALUES('Q1-MAD','HE8','2022-06-21',4.9)
INSERT INTO Assessment_Student VALUES('Q2-MAD','HE8','2022-06-21',9.4)
INSERT INTO Assessment_Student VALUES('PT1-MAD','HE8','2022-06-22',6.3)
INSERT INTO Assessment_Student VALUES('PT2-MAD','HE8','2022-06-23',5.9)
INSERT INTO Assessment_Student VALUES('FE-MAD','HE8','2022-06-25',8.3)
INSERT INTO Assessment_Student VALUES('Q1-DBI','HE8','2022-06-18',7.5)
INSERT INTO Assessment_Student VALUES('Q2-DBI','HE8','2022-06-19',8)
INSERT INTO Assessment_Student VALUES('PT1-DBI','HE8','2022-06-21',8.1)
INSERT INTO Assessment_Student VALUES('PT2-DBI','HE8','2022-06-22',8.1)
INSERT INTO Assessment_Student VALUES('FE-DBI','HE8','2022-06-24',9)
INSERT INTO Assessment_Student VALUES('Q1-PRO','HE9','2022-06-20',7.5)
INSERT INTO Assessment_Student VALUES('Q2-PRO','HE9','2022-06-21',8.4)
INSERT INTO Assessment_Student VALUES('PT1-PRO','HE9','2022-06-22',8)
INSERT INTO Assessment_Student VALUES('PT2-PRO','HE9','2022-06-23',6.5)
INSERT INTO Assessment_Student VALUES('FE-PRO','HE9','2022-06-25',9)
INSERT INTO Assessment_Student VALUES('Q1-NWC','HE9','2022-06-20',7.3)
INSERT INTO Assessment_Student VALUES('Q2-NWC','HE9','2022-06-21',8.1)
INSERT INTO Assessment_Student VALUES('PT1-NWC','HE9','2022-06-22',9)
INSERT INTO Assessment_Student VALUES('PT2-NWC','HE9','2022-06-23',7.7)
INSERT INTO Assessment_Student VALUES('FE-NWC','HE9','2022-06-24',8.3)
INSERT INTO Assessment_Student VALUES('Q1-MAD','HE9','2022-06-21',9.2)
INSERT INTO Assessment_Student VALUES('Q2-MAD','HE9','2022-06-21',7)
INSERT INTO Assessment_Student VALUES('PT1-MAD','HE9','2022-06-22',6)
INSERT INTO Assessment_Student VALUES('PT2-MAD','HE9','2022-06-23',5.7)
INSERT INTO Assessment_Student VALUES('FE-MAD','HE9','2022-06-25',7.2)
INSERT INTO Assessment_Student VALUES('Q1-DBI','HE9','2022-06-18',9.1)
INSERT INTO Assessment_Student VALUES('Q2-DBI','HE9','2022-06-19',9.2)
INSERT INTO Assessment_Student VALUES('PT1-DBI','HE9','2022-06-21',8.3)
INSERT INTO Assessment_Student VALUES('PT2-DBI','HE9','2022-06-22',7.1)
INSERT INTO Assessment_Student VALUES('FE-DBI','HE9','2022-06-24',6.7)
INSERT INTO Assessment_Student VALUES('Q1-PRO','HE10','2022-06-20',9)
INSERT INTO Assessment_Student VALUES('Q2-PRO','HE10','2022-06-21',4.2)
INSERT INTO Assessment_Student VALUES('PT1-PRO','HE10','2022-06-22',8)
INSERT INTO Assessment_Student VALUES('PT2-PRO','HE10','2022-06-23',9)
INSERT INTO Assessment_Student VALUES('FE-PRO','HE10','2022-06-25',8.2)
INSERT INTO Assessment_Student VALUES('Q1-NWC','HE10','2022-06-20',8.4)
INSERT INTO Assessment_Student VALUES('Q2-NWC','HE10','2022-06-21',7.1)
INSERT INTO Assessment_Student VALUES('PT1-NWC','HE10','2022-06-22',8.1)
INSERT INTO Assessment_Student VALUES('PT2-NWC','HE10','2022-06-23',8.4)
INSERT INTO Assessment_Student VALUES('FE-NWC','HE10','2022-06-24',9)
INSERT INTO Assessment_Student VALUES('Q1-MAD','HE10','2022-06-21',7.2)
INSERT INTO Assessment_Student VALUES('Q2-MAD','HE10','2022-06-21',8.1)
INSERT INTO Assessment_Student VALUES('PT1-MAD','HE10','2022-06-22',7)
INSERT INTO Assessment_Student VALUES('PT2-MAD','HE10','2022-06-23',9)
INSERT INTO Assessment_Student VALUES('FE-MAD','HE10','2022-06-25',8.4)
INSERT INTO Assessment_Student VALUES('Q1-DBI','HE10','2022-06-18',7)
INSERT INTO Assessment_Student VALUES('Q2-DBI','HE10','2022-06-19',8)
INSERT INTO Assessment_Student VALUES('PT1-DBI','HE10','2022-06-21',8.1)
INSERT INTO Assessment_Student VALUES('PT2-DBI','HE10','2022-06-22',7)
INSERT INTO Assessment_Student VALUES('FE-DBI','HE10','2022-06-24',8)

--Assessment
INSERT INTO Assessment VALUES('Q1-DBI','Quiz1',0.1,'DBI')
INSERT INTO Assessment VALUES('Q2-DBI','Quiz2',0.1,'DBI')
INSERT INTO Assessment VALUES('PT1-DBI','Progress Test 1',0.2,'DBI')
INSERT INTO Assessment VALUES('PT2-DBI','Progress Test 2',0.2,'DBI')
INSERT INTO Assessment VALUES('FE-DBI','Final Exam',0.4,'DBI')
INSERT INTO Assessment VALUES('Q1-NWC','Quiz1',0.1,'DBI')
INSERT INTO Assessment VALUES('Q2-NWC','Quiz2',0.1,'DBI')
INSERT INTO Assessment VALUES('PT1-NWC','Progress Test 1',0.2,'DBI')
INSERT INTO Assessment VALUES('PT2-NWC','Progress Test 2',0.2,'DBI')
INSERT INTO Assessment VALUES('FE-NWC','Final Exam',0.4,'DBI')
INSERT INTO Assessment VALUES('Q1-PRO','Quiz1',0.1,'PRO')
INSERT INTO Assessment VALUES('Q2-PRO','Quiz2',0.1,'PRO')
INSERT INTO Assessment VALUES('PT1-PRO','Progress Test 1',0.2,'PRO')
INSERT INTO Assessment VALUES('PT2-PRO','Progress Test 2',0.2,'PRO')
INSERT INTO Assessment VALUES('FE-PRO','Final Exam',0.4,'PRO')
INSERT INTO Assessment VALUES('Q1-MAD','Quiz1',0.1,'MAD')
INSERT INTO Assessment VALUES('Q2-MAD','Quiz2',0.1,'MAD')
INSERT INTO Assessment VALUES('PT1-MAD','Progress Test 1',0.2,'MAD')
INSERT INTO Assessment VALUES('PT2-MAD','Progress Test 2',0.2,'MAD')
INSERT INTO Assessment VALUES('FE-MAD','Final Exam',0.4,'MAD')

--Subject
INSERT INTO Subject VALUES('PRO','Object-Oriented Programing')
INSERT INTO Subject VALUES('NWC','Computer Networking')
INSERT INTO Subject VALUES('MAD','Discrete Mathematics')
INSERT INTO Subject VALUES('DBI','Introduce to Databases')

-- Group
INSERT INTO [Group] VALUES('IA1604-Summer2022-PRO','Information Assurance 1604','PRO','Summer-2022')
INSERT INTO [Group] VALUES('IA1604-Summer2022-NWC','Information Assurance 1604','NWC','Summer-2022')
INSERT INTO [Group] VALUES('IA1604-Summer2022-MAD','Information Assurance 1604','MAD','Summer-2022')
INSERT INTO [Group] VALUES('IA1604-Summer2022-DBI','Information Assurance 1604','DBI','Summer-2022')
-- Enroll
INSERT INTO [Enroll] VALUES('IA1604-Summer2022-PRO','HE1')
INSERT INTO [Enroll] VALUES('IA1604-Summer2022-PRO','HE2')
INSERT INTO [Enroll] VALUES('IA1604-Summer2022-PRO','HE3')
INSERT INTO [Enroll] VALUES('IA1604-Summer2022-PRO','HE4')
INSERT INTO [Enroll] VALUES('IA1604-Summer2022-PRO','HE5')
INSERT INTO [Enroll] VALUES('IA1604-Summer2022-PRO','HE6')
INSERT INTO [Enroll] VALUES('IA1604-Summer2022-PRO','HE7')
INSERT INTO [Enroll] VALUES('IA1604-Summer2022-PRO','HE8')
INSERT INTO [Enroll] VALUES('IA1604-Summer2022-PRO','HE9')
INSERT INTO [Enroll] VALUES('IA1604-Summer2022-PRO','HE10')
INSERT INTO [Enroll] VALUES('IA1604-Summer2022-NWC','HE1')
INSERT INTO [Enroll] VALUES('IA1604-Summer2022-NWC','HE2')
INSERT INTO [Enroll] VALUES('IA1604-Summer2022-NWC','HE3')
INSERT INTO [Enroll] VALUES('IA1604-Summer2022-NWC','HE4')
INSERT INTO [Enroll] VALUES('IA1604-Summer2022-NWC','HE5')
INSERT INTO [Enroll] VALUES('IA1604-Summer2022-NWC','HE6')
INSERT INTO [Enroll] VALUES('IA1604-Summer2022-NWC','HE7')
INSERT INTO [Enroll] VALUES('IA1604-Summer2022-NWC','HE8')
INSERT INTO [Enroll] VALUES('IA1604-Summer2022-NWC','HE9')
INSERT INTO [Enroll] VALUES('IA1604-Summer2022-NWC','HE10')
INSERT INTO [Enroll] VALUES('IA1604-Summer2022-MAD','HE1')
INSERT INTO [Enroll] VALUES('IA1604-Summer2022-MAD','HE2')
INSERT INTO [Enroll] VALUES('IA1604-Summer2022-MAD','HE3')
INSERT INTO [Enroll] VALUES('IA1604-Summer2022-MAD','HE4')
INSERT INTO [Enroll] VALUES('IA1604-Summer2022-MAD','HE5')
INSERT INTO [Enroll] VALUES('IA1604-Summer2022-MAD','HE6')
INSERT INTO [Enroll] VALUES('IA1604-Summer2022-MAD','HE7')
INSERT INTO [Enroll] VALUES('IA1604-Summer2022-MAD','HE8')
INSERT INTO [Enroll] VALUES('IA1604-Summer2022-MAD','HE9')
INSERT INTO [Enroll] VALUES('IA1604-Summer2022-MAD','HE10')
INSERT INTO [Enroll] VALUES('IA1604-Summer2022-DBI','HE1')
INSERT INTO [Enroll] VALUES('IA1604-Summer2022-DBI','HE2')
INSERT INTO [Enroll] VALUES('IA1604-Summer2022-DBI','HE3')
INSERT INTO [Enroll] VALUES('IA1604-Summer2022-DBI','HE4')
INSERT INTO [Enroll] VALUES('IA1604-Summer2022-DBI','HE5')
INSERT INTO [Enroll] VALUES('IA1604-Summer2022-DBI','HE6')
INSERT INTO [Enroll] VALUES('IA1604-Summer2022-DBI','HE7')
INSERT INTO [Enroll] VALUES('IA1604-Summer2022-DBI','HE8')
INSERT INTO [Enroll] VALUES('IA1604-Summer2022-DBI','HE9')
INSERT INTO [Enroll] VALUES('IA1604-Summer2022-DBI','HE10')


--Lecturer
INSERT INTO [Lecturer] VALUES('KhuongPD','Phung Duy Khuong','khuongpd@fpt.edu.vn')
INSERT INTO [Lecturer] VALUES('DucHM','Hoang Manh Duc','duchm@fpt.edu.vn')
INSERT INTO [Lecturer] VALUES('TungH','Hoang Tung','hoangtung@fpt.edu.vn')
INSERT INTO [Lecturer] VALUES('sonnt5','Ngo Tung Son','sonnt5@fpt.edu.vn')
--Charge
INSERT INTO Charge VALUES('KhuongPD','IA1604-Summer2022-PRO')
INSERT INTO Charge VALUES('DucHM','IA1604-Summer2022-NWC')
INSERT INTO Charge VALUES('TungH','IA1604-Summer2022-MAD')
INSERT INTO Charge VALUES('sonnt5','IA1604-Summer2022-DBI')

-- Session
INSERT INTO Session VALUES('PRO-IA1604-1','2002-06-01')
INSERT INTO Session VALUES('PRO-IA1604-2','2002-06-02')
INSERT INTO Session VALUES('PRO-IA1604-3','2002-06-03')
INSERT INTO Session VALUES('PRO-IA1604-4','2002-06-04')
INSERT INTO Session VALUES('PRO-IA1604-5','2002-06-05')
INSERT INTO Session VALUES('PRO-IA1604-6','2002-06-06')
INSERT INTO Session VALUES('PRO-IA1604-7','2002-06-07')
INSERT INTO Session VALUES('PRO-IA1604-8','2002-06-08')
INSERT INTO Session VALUES('PRO-IA1604-9','2002-06-09')
INSERT INTO Session VALUES('PRO-IA1604-10','2002-06-10')
INSERT INTO Session VALUES('PRO-IA1604-11','2002-06-11')
INSERT INTO Session VALUES('PRO-IA1604-12','2002-06-12')
INSERT INTO Session VALUES('PRO-IA1604-13','2002-06-13')
INSERT INTO Session VALUES('PRO-IA1604-14','2002-06-14')
INSERT INTO Session VALUES('PRO-IA1604-15','2002-06-15')
INSERT INTO Session VALUES('PRO-IA1604-16','2002-06-16')
INSERT INTO Session VALUES('PRO-IA1604-17','2002-06-17')
INSERT INTO Session VALUES('PRO-IA1604-18','2002-06-18')
INSERT INTO Session VALUES('PRO-IA1604-19','2002-06-19')
INSERT INTO Session VALUES('PRO-IA1604-20','2002-06-20')
INSERT INTO Session VALUES('PRO-IA1604-21','2002-06-21')
INSERT INTO Session VALUES('PRO-IA1604-22','2002-06-22')
INSERT INTO Session VALUES('PRO-IA1604-23','2002-06-23')
INSERT INTO Session VALUES('PRO-IA1604-24','2002-06-24')
INSERT INTO Session VALUES('PRO-IA1604-25','2002-06-25')
INSERT INTO Session VALUES('PRO-IA1604-26','2002-06-26')
INSERT INTO Session VALUES('PRO-IA1604-27','2002-06-27')
INSERT INTO Session VALUES('PRO-IA1604-28','2002-06-28')
INSERT INTO Session VALUES('PRO-IA1604-29','2002-06-29')
INSERT INTO Session VALUES('PRO-IA1604-30','2002-06-30')
INSERT INTO Session VALUES('NWC-IA1604-1','2002-06-01')
INSERT INTO Session VALUES('NWC-IA1604-2','2002-06-02')
INSERT INTO Session VALUES('NWC-IA1604-3','2002-06-03')
INSERT INTO Session VALUES('NWC-IA1604-4','2002-06-04')
INSERT INTO Session VALUES('NWC-IA1604-5','2002-06-05')
INSERT INTO Session VALUES('NWC-IA1604-6','2002-06-06')
INSERT INTO Session VALUES('NWC-IA1604-7','2002-06-07')
INSERT INTO Session VALUES('NWC-IA1604-8','2002-06-08')
INSERT INTO Session VALUES('NWC-IA1604-9','2002-06-09')
INSERT INTO Session VALUES('NWC-IA1604-10','2002-06-10')
INSERT INTO Session VALUES('NWC-IA1604-11','2002-06-11')
INSERT INTO Session VALUES('NWC-IA1604-12','2002-06-12')
INSERT INTO Session VALUES('NWC-IA1604-13','2002-06-13')
INSERT INTO Session VALUES('NWC-IA1604-14','2002-06-14')
INSERT INTO Session VALUES('NWC-IA1604-15','2002-06-15')
INSERT INTO Session VALUES('NWC-IA1604-16','2002-06-16')
INSERT INTO Session VALUES('NWC-IA1604-17','2002-06-17')
INSERT INTO Session VALUES('NWC-IA1604-18','2002-06-18')
INSERT INTO Session VALUES('NWC-IA1604-19','2002-06-19')
INSERT INTO Session VALUES('NWC-IA1604-20','2002-06-20')
INSERT INTO Session VALUES('NWC-IA1604-21','2002-06-21')
INSERT INTO Session VALUES('NWC-IA1604-22','2002-06-22')
INSERT INTO Session VALUES('NWC-IA1604-23','2002-06-23')
INSERT INTO Session VALUES('NWC-IA1604-24','2002-06-24')
INSERT INTO Session VALUES('NWC-IA1604-25','2002-06-25')
INSERT INTO Session VALUES('NWC-IA1604-26','2002-06-26')
INSERT INTO Session VALUES('NWC-IA1604-27','2002-06-27')
INSERT INTO Session VALUES('NWC-IA1604-28','2002-06-28')
INSERT INTO Session VALUES('NWC-IA1604-29','2002-06-29')
INSERT INTO Session VALUES('NWC-IA1604-30','2002-06-30')
INSERT INTO Session VALUES('MAD-IA1604-1','2002-06-01')
INSERT INTO Session VALUES('MAD-IA1604-2','2002-06-02')
INSERT INTO Session VALUES('MAD-IA1604-3','2002-06-03')
INSERT INTO Session VALUES('MAD-IA1604-4','2002-06-04')
INSERT INTO Session VALUES('MAD-IA1604-5','2002-06-05')
INSERT INTO Session VALUES('MAD-IA1604-6','2002-06-06')
INSERT INTO Session VALUES('MAD-IA1604-7','2002-06-07')
INSERT INTO Session VALUES('MAD-IA1604-8','2002-06-08')
INSERT INTO Session VALUES('MAD-IA1604-9','2002-06-09')
INSERT INTO Session VALUES('MAD-IA1604-10','2002-06-10')
INSERT INTO Session VALUES('MAD-IA1604-11','2002-06-11')
INSERT INTO Session VALUES('MAD-IA1604-12','2002-06-12')
INSERT INTO Session VALUES('MAD-IA1604-13','2002-06-13')
INSERT INTO Session VALUES('MAD-IA1604-14','2002-06-14')
INSERT INTO Session VALUES('MAD-IA1604-15','2002-06-15')
INSERT INTO Session VALUES('MAD-IA1604-16','2002-06-16')
INSERT INTO Session VALUES('MAD-IA1604-17','2002-06-17')
INSERT INTO Session VALUES('MAD-IA1604-18','2002-06-18')
INSERT INTO Session VALUES('MAD-IA1604-19','2002-06-19')
INSERT INTO Session VALUES('MAD-IA1604-20','2002-06-20')
INSERT INTO Session VALUES('MAD-IA1604-21','2002-06-21')
INSERT INTO Session VALUES('MAD-IA1604-22','2002-06-22')
INSERT INTO Session VALUES('MAD-IA1604-23','2002-06-23')
INSERT INTO Session VALUES('MAD-IA1604-24','2002-06-24')
INSERT INTO Session VALUES('MAD-IA1604-25','2002-06-25')
INSERT INTO Session VALUES('MAD-IA1604-26','2002-06-26')
INSERT INTO Session VALUES('MAD-IA1604-27','2002-06-27')
INSERT INTO Session VALUES('MAD-IA1604-28','2002-06-28')
INSERT INTO Session VALUES('MAD-IA1604-29','2002-06-29')
INSERT INTO Session VALUES('MAD-IA1604-30','2002-06-30')
INSERT INTO Session VALUES('DBI-IA1604-1','2002-06-01')
INSERT INTO Session VALUES('DBI-IA1604-2','2002-06-02')
INSERT INTO Session VALUES('DBI-IA1604-3','2002-06-03')
INSERT INTO Session VALUES('DBI-IA1604-4','2002-06-04')
INSERT INTO Session VALUES('DBI-IA1604-5','2002-06-05')
INSERT INTO Session VALUES('DBI-IA1604-6','2002-06-06')
INSERT INTO Session VALUES('DBI-IA1604-7','2002-06-07')
INSERT INTO Session VALUES('DBI-IA1604-8','2002-06-08')
INSERT INTO Session VALUES('DBI-IA1604-9','2002-06-09')
INSERT INTO Session VALUES('DBI-IA1604-10','2002-06-10')
INSERT INTO Session VALUES('DBI-IA1604-11','2002-06-11')
INSERT INTO Session VALUES('DBI-IA1604-12','2002-06-12')
INSERT INTO Session VALUES('DBI-IA1604-13','2002-06-13')
INSERT INTO Session VALUES('DBI-IA1604-14','2002-06-14')
INSERT INTO Session VALUES('DBI-IA1604-15','2002-06-15')
INSERT INTO Session VALUES('DBI-IA1604-16','2002-06-16')
INSERT INTO Session VALUES('DBI-IA1604-17','2002-06-17')
INSERT INTO Session VALUES('DBI-IA1604-18','2002-06-18')
INSERT INTO Session VALUES('DBI-IA1604-19','2002-06-19')
INSERT INTO Session VALUES('DBI-IA1604-20','2002-06-20')
INSERT INTO Session VALUES('DBI-IA1604-21','2002-06-21')
INSERT INTO Session VALUES('DBI-IA1604-22','2002-06-22')
INSERT INTO Session VALUES('DBI-IA1604-23','2002-06-23')
INSERT INTO Session VALUES('DBI-IA1604-24','2002-06-24')
INSERT INTO Session VALUES('DBI-IA1604-25','2002-06-25')
INSERT INTO Session VALUES('DBI-IA1604-26','2002-06-26')
INSERT INTO Session VALUES('DBI-IA1604-27','2002-06-27')
INSERT INTO Session VALUES('DBI-IA1604-28','2002-06-28')
INSERT INTO Session VALUES('DBI-IA1604-29','2002-06-29')
INSERT INTO Session VALUES('DBI-IA1604-30','2002-06-30')


--Student_Session
INSERT INTO Student_Session VALUES('HE1','PR8O-IA1604-1','True')
INSERT INTO Student_Session VALUES('HE1','PRO-IA1604-2','True')
INSERT INTO Student_Session VALUES('HE1','PRO-IA1604-3','False')
INSERT INTO Student_Session VALUES('HE1','PRO-IA1604-4','True')
INSERT INTO Student_Session VALUES('HE1','PRO-IA1604-5','True')
INSERT INTO Student_Session VALUES('HE1','PRO-IA1604-6','True')
INSERT INTO Student_Session VALUES('HE1','PRO-IA1604-7','True')
INSERT INTO Student_Session VALUES('HE1','PRO-IA1604-8','True')
INSERT INTO Student_Session VALUES('HE1','PRO-IA1604-9','True')
INSERT INTO Student_Session VALUES('HE1','PRO-IA1604-10','True')
INSERT INTO Student_Session VALUES('HE1','PRO-IA1604-11','True')
INSERT INTO Student_Session VALUES('HE1','PRO-IA1604-12','True')
INSERT INTO Student_Session VALUES('HE1','PRO-IA1604-13','True')
INSERT INTO Student_Session VALUES('HE1','PRO-IA1604-14','True')
INSERT INTO Student_Session VALUES('HE1','PRO-IA1604-15','True')
INSERT INTO Student_Session VALUES('HE1','PRO-IA1604-16','True')
INSERT INTO Student_Session VALUES('HE1','PRO-IA1604-17','True')
INSERT INTO Student_Session VALUES('HE1','PRO-IA1604-18','True')
INSERT INTO Student_Session VALUES('HE1','PRO-IA1604-19','True')
INSERT INTO Student_Session VALUES('HE1','PRO-IA1604-20','True')
INSERT INTO Student_Session VALUES('HE1','PRO-IA1604-21','False')
INSERT INTO Student_Session VALUES('HE1','PRO-IA1604-22','True')
INSERT INTO Student_Session VALUES('HE1','PRO-IA1604-23','True')
INSERT INTO Student_Session VALUES('HE1','PRO-IA1604-24','True')
INSERT INTO Student_Session VALUES('HE1','PRO-IA1604-25','False')
INSERT INTO Student_Session VALUES('HE1','PRO-IA1604-26','True')
INSERT INTO Student_Session VALUES('HE1','PRO-IA1604-27','True')
INSERT INTO Student_Session VALUES('HE1','PRO-IA1604-28','True')
INSERT INTO Student_Session VALUES('HE1','PRO-IA1604-29','True')
INSERT INTO Student_Session VALUES('HE1','PRO-IA1604-30','True')
INSERT INTO Student_Session VALUES('HE1','NWC-IA1604-1','True')
INSERT INTO Student_Session VALUES('HE1','NWC-IA1604-2','True')
INSERT INTO Student_Session VALUES('HE1','NWC-IA1604-3','True')
INSERT INTO Student_Session VALUES('HE1','NWC-IA1604-4','True')
INSERT INTO Student_Session VALUES('HE1','NWC-IA1604-5','True')
INSERT INTO Student_Session VALUES('HE1','NWC-IA1604-6','True')
INSERT INTO Student_Session VALUES('HE1','NWC-IA1604-7','False')
INSERT INTO Student_Session VALUES('HE1','NWC-IA1604-8','True')
INSERT INTO Student_Session VALUES('HE1','NWC-IA1604-9','True')
INSERT INTO Student_Session VALUES('HE1','NWC-IA1604-10','True')
INSERT INTO Student_Session VALUES('HE1','NWC-IA1604-11','True')
INSERT INTO Student_Session VALUES('HE1','NWC-IA1604-12','True')
INSERT INTO Student_Session VALUES('HE1','NWC-IA1604-13','False')
INSERT INTO Student_Session VALUES('HE1','NWC-IA1604-14','True')
INSERT INTO Student_Session VALUES('HE1','NWC-IA1604-15','True')
INSERT INTO Student_Session VALUES('HE1','NWC-IA1604-16','True')
INSERT INTO Student_Session VALUES('HE1','NWC-IA1604-17','True')
INSERT INTO Student_Session VALUES('HE1','NWC-IA1604-18','True')
INSERT INTO Student_Session VALUES('HE1','NWC-IA1604-19','True')
INSERT INTO Student_Session VALUES('HE1','NWC-IA1604-20','True')
INSERT INTO Student_Session VALUES('HE1','NWC-IA1604-21','False')
INSERT INTO Student_Session VALUES('HE1','NWC-IA1604-22','True')
INSERT INTO Student_Session VALUES('HE1','NWC-IA1604-23','True')
INSERT INTO Student_Session VALUES('HE1','NWC-IA1604-24','True')
INSERT INTO Student_Session VALUES('HE1','NWC-IA1604-25','False')
INSERT INTO Student_Session VALUES('HE1','NWC-IA1604-26','True')
INSERT INTO Student_Session VALUES('HE1','NWC-IA1604-27','True')
INSERT INTO Student_Session VALUES('HE1','NWC-IA1604-28','True')
INSERT INTO Student_Session VALUES('HE1','NWC-IA1604-29','True')
INSERT INTO Student_Session VALUES('HE1','NWC-IA1604-30','True')
INSERT INTO Student_Session VALUES('HE1','MAD-IA1604-1','True')
INSERT INTO Student_Session VALUES('HE1','MAD-IA1604-2','True')
INSERT INTO Student_Session VALUES('HE1','MAD-IA1604-3','True')
INSERT INTO Student_Session VALUES('HE1','MAD-IA1604-4','True')
INSERT INTO Student_Session VALUES('HE1','MAD-IA1604-5','False')
INSERT INTO Student_Session VALUES('HE1','MAD-IA1604-6','True')
INSERT INTO Student_Session VALUES('HE1','MAD-IA1604-7','True')
INSERT INTO Student_Session VALUES('HE1','MAD-IA1604-8','True')
INSERT INTO Student_Session VALUES('HE1','MAD-IA1604-9','True')
INSERT INTO Student_Session VALUES('HE1','MAD-IA1604-10','True')
INSERT INTO Student_Session VALUES('HE1','MAD-IA1604-11','True')
INSERT INTO Student_Session VALUES('HE1','MAD-IA1604-12','True')
INSERT INTO Student_Session VALUES('HE1','MAD-IA1604-13','True')
INSERT INTO Student_Session VALUES('HE1','MAD-IA1604-14','True')
INSERT INTO Student_Session VALUES('HE1','MAD-IA1604-15','True')
INSERT INTO Student_Session VALUES('HE1','MAD-IA1604-16','True')
INSERT INTO Student_Session VALUES('HE1','MAD-IA1604-17','True')
INSERT INTO Student_Session VALUES('HE1','MAD-IA1604-18','False')
INSERT INTO Student_Session VALUES('HE1','MAD-IA1604-19','True')
INSERT INTO Student_Session VALUES('HE1','MAD-IA1604-20','True')
INSERT INTO Student_Session VALUES('HE1','MAD-IA1604-21','True')
INSERT INTO Student_Session VALUES('HE1','MAD-IA1604-22','True')
INSERT INTO Student_Session VALUES('HE1','MAD-IA1604-23','True')
INSERT INTO Student_Session VALUES('HE1','MAD-IA1604-24','True')
INSERT INTO Student_Session VALUES('HE1','MAD-IA1604-25','False')
INSERT INTO Student_Session VALUES('HE1','MAD-IA1604-26','True')
INSERT INTO Student_Session VALUES('HE1','MAD-IA1604-27','True')
INSERT INTO Student_Session VALUES('HE1','MAD-IA1604-28','True')
INSERT INTO Student_Session VALUES('HE1','MAD-IA1604-29','True')
INSERT INTO Student_Session VALUES('HE1','MAD-IA1604-30','True')
INSERT INTO Student_Session VALUES('HE1','DBI-IA1604-1','True')
INSERT INTO Student_Session VALUES('HE1','DBI-IA1604-2','True')
INSERT INTO Student_Session VALUES('HE1','DBI-IA1604-3','False')
INSERT INTO Student_Session VALUES('HE1','DBI-IA1604-4','True')
INSERT INTO Student_Session VALUES('HE1','DBI-IA1604-5','True')
INSERT INTO Student_Session VALUES('HE1','DBI-IA1604-6','True')
INSERT INTO Student_Session VALUES('HE1','DBI-IA1604-7','True')
INSERT INTO Student_Session VALUES('HE1','DBI-IA1604-8','True')
INSERT INTO Student_Session VALUES('HE1','DBI-IA1604-9','True')
INSERT INTO Student_Session VALUES('HE1','DBI-IA1604-10','True')
INSERT INTO Student_Session VALUES('HE1','DBI-IA1604-11','True')
INSERT INTO Student_Session VALUES('HE1','DBI-IA1604-12','True')
INSERT INTO Student_Session VALUES('HE1','DBI-IA1604-13','True')
INSERT INTO Student_Session VALUES('HE1','DBI-IA1604-14','True')
INSERT INTO Student_Session VALUES('HE1','DBI-IA1604-15','True')
INSERT INTO Student_Session VALUES('HE1','DBI-IA1604-16','True')
INSERT INTO Student_Session VALUES('HE1','DBI-IA1604-17','False')
INSERT INTO Student_Session VALUES('HE1','DBI-IA1604-18','True')
INSERT INTO Student_Session VALUES('HE1','DBI-IA1604-19','True')
INSERT INTO Student_Session VALUES('HE1','DBI-IA1604-20','True')
INSERT INTO Student_Session VALUES('HE1','DBI-IA1604-21','False')
INSERT INTO Student_Session VALUES('HE1','DBI-IA1604-22','True')
INSERT INTO Student_Session VALUES('HE1','DBI-IA1604-23','True')
INSERT INTO Student_Session VALUES('HE1','DBI-IA1604-24','True')
INSERT INTO Student_Session VALUES('HE1','DBI-IA1604-25','True')
INSERT INTO Student_Session VALUES('HE1','DBI-IA1604-26','True')
INSERT INTO Student_Session VALUES('HE1','DBI-IA1604-27','True')
INSERT INTO Student_Session VALUES('HE1','DBI-IA1604-28','True')
INSERT INTO Student_Session VALUES('HE1','DBI-IA1604-29','True')
INSERT INTO Student_Session VALUES('HE1','DBI-IA1604-30','True')

INSERT INTO Student_Session VALUES('HE2','PRO-IA1604-1','True')
INSERT INTO Student_Session VALUES('HE2','PRO-IA1604-2','True')
INSERT INTO Student_Session VALUES('HE2','PRO-IA1604-3','False')
INSERT INTO Student_Session VALUES('HE2','PRO-IA1604-4','True')
INSERT INTO Student_Session VALUES('HE2','PRO-IA1604-5','True')
INSERT INTO Student_Session VALUES('HE2','PRO-IA1604-6','True')
INSERT INTO Student_Session VALUES('HE2','PRO-IA1604-7','True')
INSERT INTO Student_Session VALUES('HE2','PRO-IA1604-8','True')
INSERT INTO Student_Session VALUES('HE2','PRO-IA1604-9','True')
INSERT INTO Student_Session VALUES('HE2','PRO-IA1604-10','True')
INSERT INTO Student_Session VALUES('HE2','PRO-IA1604-11','True')
INSERT INTO Student_Session VALUES('HE2','PRO-IA1604-12','True')
INSERT INTO Student_Session VALUES('HE2','PRO-IA1604-13','True')
INSERT INTO Student_Session VALUES('HE2','PRO-IA1604-14','True')
INSERT INTO Student_Session VALUES('HE2','PRO-IA1604-15','True')
INSERT INTO Student_Session VALUES('HE2','PRO-IA1604-16','True')
INSERT INTO Student_Session VALUES('HE2','PRO-IA1604-17','True')
INSERT INTO Student_Session VALUES('HE2','PRO-IA1604-18','True')
INSERT INTO Student_Session VALUES('HE2','PRO-IA1604-19','True')
INSERT INTO Student_Session VALUES('HE2','PRO-IA1604-20','True')
INSERT INTO Student_Session VALUES('HE2','PRO-IA1604-21','False')
INSERT INTO Student_Session VALUES('HE2','PRO-IA1604-22','True')
INSERT INTO Student_Session VALUES('HE2','PRO-IA1604-23','True')
INSERT INTO Student_Session VALUES('HE2','PRO-IA1604-24','True')
INSERT INTO Student_Session VALUES('HE2','PRO-IA1604-25','False')
INSERT INTO Student_Session VALUES('HE2','PRO-IA1604-26','True')
INSERT INTO Student_Session VALUES('HE2','PRO-IA1604-27','True')
INSERT INTO Student_Session VALUES('HE2','PRO-IA1604-28','True')
INSERT INTO Student_Session VALUES('HE2','PRO-IA1604-29','True')
INSERT INTO Student_Session VALUES('HE2','PRO-IA1604-30','True')
INSERT INTO Student_Session VALUES('HE2','NWC-IA1604-1','True')
INSERT INTO Student_Session VALUES('HE2','NWC-IA1604-2','True')
INSERT INTO Student_Session VALUES('HE2','NWC-IA1604-3','True')
INSERT INTO Student_Session VALUES('HE2','NWC-IA1604-4','True')
INSERT INTO Student_Session VALUES('HE2','NWC-IA1604-5','True')
INSERT INTO Student_Session VALUES('HE2','NWC-IA1604-6','True')
INSERT INTO Student_Session VALUES('HE2','NWC-IA1604-7','False')
INSERT INTO Student_Session VALUES('HE2','NWC-IA1604-8','True')
INSERT INTO Student_Session VALUES('HE2','NWC-IA1604-9','True')
INSERT INTO Student_Session VALUES('HE2','NWC-IA1604-10','True')
INSERT INTO Student_Session VALUES('HE2','NWC-IA1604-11','True')
INSERT INTO Student_Session VALUES('HE2','NWC-IA1604-12','True')
INSERT INTO Student_Session VALUES('HE2','NWC-IA1604-13','False')
INSERT INTO Student_Session VALUES('HE2','NWC-IA1604-14','True')
INSERT INTO Student_Session VALUES('HE2','NWC-IA1604-15','True')
INSERT INTO Student_Session VALUES('HE2','NWC-IA1604-16','True')
INSERT INTO Student_Session VALUES('HE2','NWC-IA1604-17','True')
INSERT INTO Student_Session VALUES('HE2','NWC-IA1604-18','True')
INSERT INTO Student_Session VALUES('HE2','NWC-IA1604-19','True')
INSERT INTO Student_Session VALUES('HE2','NWC-IA1604-20','True')
INSERT INTO Student_Session VALUES('HE2','NWC-IA1604-21','False')
INSERT INTO Student_Session VALUES('HE2','NWC-IA1604-22','True')
INSERT INTO Student_Session VALUES('HE2','NWC-IA1604-23','True')
INSERT INTO Student_Session VALUES('HE2','NWC-IA1604-24','True')
INSERT INTO Student_Session VALUES('HE2','NWC-IA1604-25','False')
INSERT INTO Student_Session VALUES('HE2','NWC-IA1604-26','True')
INSERT INTO Student_Session VALUES('HE2','NWC-IA1604-27','True')
INSERT INTO Student_Session VALUES('HE2','NWC-IA1604-28','True')
INSERT INTO Student_Session VALUES('HE2','NWC-IA1604-29','True')
INSERT INTO Student_Session VALUES('HE2','NWC-IA1604-30','True')
INSERT INTO Student_Session VALUES('HE2','MAD-IA1604-1','True')
INSERT INTO Student_Session VALUES('HE2','MAD-IA1604-2','True')
INSERT INTO Student_Session VALUES('HE2','MAD-IA1604-3','True')
INSERT INTO Student_Session VALUES('HE2','MAD-IA1604-4','True')
INSERT INTO Student_Session VALUES('HE2','MAD-IA1604-5','False')
INSERT INTO Student_Session VALUES('HE2','MAD-IA1604-6','True')
INSERT INTO Student_Session VALUES('HE2','MAD-IA1604-7','True')
INSERT INTO Student_Session VALUES('HE2','MAD-IA1604-8','True')
INSERT INTO Student_Session VALUES('HE2','MAD-IA1604-9','True')
INSERT INTO Student_Session VALUES('HE2','MAD-IA1604-10','True')
INSERT INTO Student_Session VALUES('HE2','MAD-IA1604-11','True')
INSERT INTO Student_Session VALUES('HE2','MAD-IA1604-12','True')
INSERT INTO Student_Session VALUES('HE2','MAD-IA1604-13','True')
INSERT INTO Student_Session VALUES('HE2','MAD-IA1604-14','True')
INSERT INTO Student_Session VALUES('HE2','MAD-IA1604-15','True')
INSERT INTO Student_Session VALUES('HE2','MAD-IA1604-16','True')
INSERT INTO Student_Session VALUES('HE2','MAD-IA1604-17','True')
INSERT INTO Student_Session VALUES('HE2','MAD-IA1604-18','False')
INSERT INTO Student_Session VALUES('HE2','MAD-IA1604-19','True')
INSERT INTO Student_Session VALUES('HE2','MAD-IA1604-20','True')
INSERT INTO Student_Session VALUES('HE2','MAD-IA1604-21','True')
INSERT INTO Student_Session VALUES('HE2','MAD-IA1604-22','True')
INSERT INTO Student_Session VALUES('HE2','MAD-IA1604-23','True')
INSERT INTO Student_Session VALUES('HE2','MAD-IA1604-24','True')
INSERT INTO Student_Session VALUES('HE2','MAD-IA1604-25','False')
INSERT INTO Student_Session VALUES('HE2','MAD-IA1604-26','True')
INSERT INTO Student_Session VALUES('HE2','MAD-IA1604-27','True')
INSERT INTO Student_Session VALUES('HE2','MAD-IA1604-28','True')
INSERT INTO Student_Session VALUES('HE2','MAD-IA1604-29','True')
INSERT INTO Student_Session VALUES('HE2','MAD-IA1604-30','True')
INSERT INTO Student_Session VALUES('HE2','DBI-IA1604-1','True')
INSERT INTO Student_Session VALUES('HE2','DBI-IA1604-2','True')
INSERT INTO Student_Session VALUES('HE2','DBI-IA1604-3','False')
INSERT INTO Student_Session VALUES('HE2','DBI-IA1604-4','True')
INSERT INTO Student_Session VALUES('HE2','DBI-IA1604-5','True')
INSERT INTO Student_Session VALUES('HE2','DBI-IA1604-6','True')
INSERT INTO Student_Session VALUES('HE2','DBI-IA1604-7','True')
INSERT INTO Student_Session VALUES('HE2','DBI-IA1604-8','True')
INSERT INTO Student_Session VALUES('HE2','DBI-IA1604-9','True')
INSERT INTO Student_Session VALUES('HE2','DBI-IA1604-10','True')
INSERT INTO Student_Session VALUES('HE2','DBI-IA1604-11','True')
INSERT INTO Student_Session VALUES('HE2','DBI-IA1604-12','True')
INSERT INTO Student_Session VALUES('HE2','DBI-IA1604-13','True')
INSERT INTO Student_Session VALUES('HE2','DBI-IA1604-14','True')
INSERT INTO Student_Session VALUES('HE2','DBI-IA1604-15','True')
INSERT INTO Student_Session VALUES('HE2','DBI-IA1604-16','True')
INSERT INTO Student_Session VALUES('HE2','DBI-IA1604-17','False')
INSERT INTO Student_Session VALUES('HE2','DBI-IA1604-18','True')
INSERT INTO Student_Session VALUES('HE2','DBI-IA1604-19','True')
INSERT INTO Student_Session VALUES('HE2','DBI-IA1604-20','True')
INSERT INTO Student_Session VALUES('HE2','DBI-IA1604-21','False')
INSERT INTO Student_Session VALUES('HE2','DBI-IA1604-22','True')
INSERT INTO Student_Session VALUES('HE2','DBI-IA1604-23','True')
INSERT INTO Student_Session VALUES('HE2','DBI-IA1604-24','True')
INSERT INTO Student_Session VALUES('HE2','DBI-IA1604-25','True')
INSERT INTO Student_Session VALUES('HE2','DBI-IA1604-26','True')
INSERT INTO Student_Session VALUES('HE2','DBI-IA1604-27','True')
INSERT INTO Student_Session VALUES('HE2','DBI-IA1604-28','True')
INSERT INTO Student_Session VALUES('HE2','DBI-IA1604-29','True')
INSERT INTO Student_Session VALUES('HE2','DBI-IA1604-30','True')

INSERT INTO Student_Session VALUES('HE3','PRO-IA1604-1','True')
INSERT INTO Student_Session VALUES('HE3','PRO-IA1604-2','True')
INSERT INTO Student_Session VALUES('HE3','PRO-IA1604-3','False')
INSERT INTO Student_Session VALUES('HE3','PRO-IA1604-4','True')
INSERT INTO Student_Session VALUES('HE3','PRO-IA1604-5','True')
INSERT INTO Student_Session VALUES('HE3','PRO-IA1604-6','True')
INSERT INTO Student_Session VALUES('HE3','PRO-IA1604-7','True')
INSERT INTO Student_Session VALUES('HE3','PRO-IA1604-8','True')
INSERT INTO Student_Session VALUES('HE3','PRO-IA1604-9','True')
INSERT INTO Student_Session VALUES('HE3','PRO-IA1604-10','True')
INSERT INTO Student_Session VALUES('HE3','PRO-IA1604-11','True')
INSERT INTO Student_Session VALUES('HE3','PRO-IA1604-12','True')
INSERT INTO Student_Session VALUES('HE3','PRO-IA1604-13','True')
INSERT INTO Student_Session VALUES('HE3','PRO-IA1604-14','True')
INSERT INTO Student_Session VALUES('HE3','PRO-IA1604-15','True')
INSERT INTO Student_Session VALUES('HE3','PRO-IA1604-16','False')
INSERT INTO Student_Session VALUES('HE3','PRO-IA1604-17','True')
INSERT INTO Student_Session VALUES('HE3','PRO-IA1604-18','True')
INSERT INTO Student_Session VALUES('HE3','PRO-IA1604-19','True')
INSERT INTO Student_Session VALUES('HE3','PRO-IA1604-20','True')
INSERT INTO Student_Session VALUES('HE3','PRO-IA1604-21','False')
INSERT INTO Student_Session VALUES('HE3','PRO-IA1604-22','True')
INSERT INTO Student_Session VALUES('HE3','PRO-IA1604-23','True')
INSERT INTO Student_Session VALUES('HE3','PRO-IA1604-24','True')
INSERT INTO Student_Session VALUES('HE3','PRO-IA1604-25','False')
INSERT INTO Student_Session VALUES('HE3','PRO-IA1604-26','True')
INSERT INTO Student_Session VALUES('HE3','PRO-IA1604-27','True')
INSERT INTO Student_Session VALUES('HE3','PRO-IA1604-28','True')
INSERT INTO Student_Session VALUES('HE3','PRO-IA1604-29','True')
INSERT INTO Student_Session VALUES('HE3','PRO-IA1604-30','True')
INSERT INTO Student_Session VALUES('HE3','NWC-IA1604-1','True')
INSERT INTO Student_Session VALUES('HE3','NWC-IA1604-2','True')
INSERT INTO Student_Session VALUES('HE3','NWC-IA1604-3','True')
INSERT INTO Student_Session VALUES('HE3','NWC-IA1604-4','True')
INSERT INTO Student_Session VALUES('HE3','NWC-IA1604-5','True')
INSERT INTO Student_Session VALUES('HE3','NWC-IA1604-6','True')
INSERT INTO Student_Session VALUES('HE3','NWC-IA1604-7','False')
INSERT INTO Student_Session VALUES('HE3','NWC-IA1604-8','True')
INSERT INTO Student_Session VALUES('HE3','NWC-IA1604-9','True')
INSERT INTO Student_Session VALUES('HE3','NWC-IA1604-10','True')
INSERT INTO Student_Session VALUES('HE3','NWC-IA1604-11','True')
INSERT INTO Student_Session VALUES('HE3','NWC-IA1604-12','False')
INSERT INTO Student_Session VALUES('HE3','NWC-IA1604-13','False')
INSERT INTO Student_Session VALUES('HE3','NWC-IA1604-14','True')
INSERT INTO Student_Session VALUES('HE3','NWC-IA1604-15','True')
INSERT INTO Student_Session VALUES('HE3','NWC-IA1604-16','True')
INSERT INTO Student_Session VALUES('HE3','NWC-IA1604-17','True')
INSERT INTO Student_Session VALUES('HE3','NWC-IA1604-18','True')
INSERT INTO Student_Session VALUES('HE3','NWC-IA1604-19','True')
INSERT INTO Student_Session VALUES('HE3','NWC-IA1604-20','True')
INSERT INTO Student_Session VALUES('HE3','NWC-IA1604-21','False')
INSERT INTO Student_Session VALUES('HE3','NWC-IA1604-22','True')
INSERT INTO Student_Session VALUES('HE3','NWC-IA1604-23','True')
INSERT INTO Student_Session VALUES('HE3','NWC-IA1604-24','True')
INSERT INTO Student_Session VALUES('HE3','NWC-IA1604-25','False')
INSERT INTO Student_Session VALUES('HE3','NWC-IA1604-26','True')
INSERT INTO Student_Session VALUES('HE3','NWC-IA1604-27','True')
INSERT INTO Student_Session VALUES('HE3','NWC-IA1604-28','True')
INSERT INTO Student_Session VALUES('HE3','NWC-IA1604-29','True')
INSERT INTO Student_Session VALUES('HE3','NWC-IA1604-30','True')
INSERT INTO Student_Session VALUES('HE3','MAD-IA1604-1','True')
INSERT INTO Student_Session VALUES('HE3','MAD-IA1604-2','True')
INSERT INTO Student_Session VALUES('HE3','MAD-IA1604-3','True')
INSERT INTO Student_Session VALUES('HE3','MAD-IA1604-4','True')
INSERT INTO Student_Session VALUES('HE3','MAD-IA1604-5','False')
INSERT INTO Student_Session VALUES('HE3','MAD-IA1604-6','True')
INSERT INTO Student_Session VALUES('HE3','MAD-IA1604-7','True')
INSERT INTO Student_Session VALUES('HE3','MAD-IA1604-8','True')
INSERT INTO Student_Session VALUES('HE3','MAD-IA1604-9','True')
INSERT INTO Student_Session VALUES('HE3','MAD-IA1604-10','True')
INSERT INTO Student_Session VALUES('HE3','MAD-IA1604-11','True')
INSERT INTO Student_Session VALUES('HE3','MAD-IA1604-12','False')
INSERT INTO Student_Session VALUES('HE3','MAD-IA1604-13','True')
INSERT INTO Student_Session VALUES('HE3','MAD-IA1604-14','True')
INSERT INTO Student_Session VALUES('HE3','MAD-IA1604-15','True')
INSERT INTO Student_Session VALUES('HE3','MAD-IA1604-16','True')
INSERT INTO Student_Session VALUES('HE3','MAD-IA1604-17','True')
INSERT INTO Student_Session VALUES('HE3','MAD-IA1604-18','False')
INSERT INTO Student_Session VALUES('HE3','MAD-IA1604-19','True')
INSERT INTO Student_Session VALUES('HE3','MAD-IA1604-20','True')
INSERT INTO Student_Session VALUES('HE3','MAD-IA1604-21','False')
INSERT INTO Student_Session VALUES('HE3','MAD-IA1604-22','True')
INSERT INTO Student_Session VALUES('HE3','MAD-IA1604-23','True')
INSERT INTO Student_Session VALUES('HE3','MAD-IA1604-24','True')
INSERT INTO Student_Session VALUES('HE3','MAD-IA1604-25','False')
INSERT INTO Student_Session VALUES('HE3','MAD-IA1604-26','True')
INSERT INTO Student_Session VALUES('HE3','MAD-IA1604-27','True')
INSERT INTO Student_Session VALUES('HE3','MAD-IA1604-28','True')
INSERT INTO Student_Session VALUES('HE3','MAD-IA1604-29','True')
INSERT INTO Student_Session VALUES('HE3','MAD-IA1604-30','True')
INSERT INTO Student_Session VALUES('HE3','DBI-IA1604-1','True')
INSERT INTO Student_Session VALUES('HE3','DBI-IA1604-2','True')
INSERT INTO Student_Session VALUES('HE3','DBI-IA1604-3','False')
INSERT INTO Student_Session VALUES('HE3','DBI-IA1604-4','True')
INSERT INTO Student_Session VALUES('HE3','DBI-IA1604-5','True')
INSERT INTO Student_Session VALUES('HE3','DBI-IA1604-6','True')
INSERT INTO Student_Session VALUES('HE3','DBI-IA1604-7','True')
INSERT INTO Student_Session VALUES('HE3','DBI-IA1604-8','True')
INSERT INTO Student_Session VALUES('HE3','DBI-IA1604-9','True')
INSERT INTO Student_Session VALUES('HE3','DBI-IA1604-10','True')
INSERT INTO Student_Session VALUES('HE3','DBI-IA1604-11','True')
INSERT INTO Student_Session VALUES('HE3','DBI-IA1604-12','True')
INSERT INTO Student_Session VALUES('HE3','DBI-IA1604-13','True')
INSERT INTO Student_Session VALUES('HE3','DBI-IA1604-14','True')
INSERT INTO Student_Session VALUES('HE3','DBI-IA1604-15','True')
INSERT INTO Student_Session VALUES('HE3','DBI-IA1604-16','True')
INSERT INTO Student_Session VALUES('HE3','DBI-IA1604-17','False')
INSERT INTO Student_Session VALUES('HE3','DBI-IA1604-18','True')
INSERT INTO Student_Session VALUES('HE3','DBI-IA1604-19','True')
INSERT INTO Student_Session VALUES('HE3','DBI-IA1604-20','True')
INSERT INTO Student_Session VALUES('HE3','DBI-IA1604-21','False')
INSERT INTO Student_Session VALUES('HE3','DBI-IA1604-22','True')
INSERT INTO Student_Session VALUES('HE3','DBI-IA1604-23','True')
INSERT INTO Student_Session VALUES('HE3','DBI-IA1604-24','True')
INSERT INTO Student_Session VALUES('HE3','DBI-IA1604-25','False')
INSERT INTO Student_Session VALUES('HE3','DBI-IA1604-26','True')
INSERT INTO Student_Session VALUES('HE3','DBI-IA1604-27','True')
INSERT INTO Student_Session VALUES('HE3','DBI-IA1604-28','False')
INSERT INTO Student_Session VALUES('HE3','DBI-IA1604-29','True')
INSERT INTO Student_Session VALUES('HE3','DBI-IA1604-30','True')

INSERT INTO Student_Session VALUES('HE4','PRO-IA1604-1','True')
INSERT INTO Student_Session VALUES('HE4','PRO-IA1604-2','True')
INSERT INTO Student_Session VALUES('HE4','PRO-IA1604-3','False')
INSERT INTO Student_Session VALUES('HE4','PRO-IA1604-4','True')
INSERT INTO Student_Session VALUES('HE4','PRO-IA1604-5','True')
INSERT INTO Student_Session VALUES('HE4','PRO-IA1604-6','True')
INSERT INTO Student_Session VALUES('HE4','PRO-IA1604-7','True')
INSERT INTO Student_Session VALUES('HE4','PRO-IA1604-8','True')
INSERT INTO Student_Session VALUES('HE4','PRO-IA1604-9','True')
INSERT INTO Student_Session VALUES('HE4','PRO-IA1604-10','True')
INSERT INTO Student_Session VALUES('HE4','PRO-IA1604-11','True')
INSERT INTO Student_Session VALUES('HE4','PRO-IA1604-12','True')
INSERT INTO Student_Session VALUES('HE4','PRO-IA1604-13','True')
INSERT INTO Student_Session VALUES('HE4','PRO-IA1604-14','True')
INSERT INTO Student_Session VALUES('HE4','PRO-IA1604-15','True')
INSERT INTO Student_Session VALUES('HE4','PRO-IA1604-16','False')
INSERT INTO Student_Session VALUES('HE4','PRO-IA1604-17','True')
INSERT INTO Student_Session VALUES('HE4','PRO-IA1604-18','True')
INSERT INTO Student_Session VALUES('HE4','PRO-IA1604-19','True')
INSERT INTO Student_Session VALUES('HE4','PRO-IA1604-20','True')
INSERT INTO Student_Session VALUES('HE4','PRO-IA1604-21','False')
INSERT INTO Student_Session VALUES('HE4','PRO-IA1604-22','True')
INSERT INTO Student_Session VALUES('HE4','PRO-IA1604-23','True')
INSERT INTO Student_Session VALUES('HE4','PRO-IA1604-24','True')
INSERT INTO Student_Session VALUES('HE4','PRO-IA1604-25','False')
INSERT INTO Student_Session VALUES('HE4','PRO-IA1604-26','True')
INSERT INTO Student_Session VALUES('HE4','PRO-IA1604-27','True')
INSERT INTO Student_Session VALUES('HE4','PRO-IA1604-28','True')
INSERT INTO Student_Session VALUES('HE4','PRO-IA1604-29','True')
INSERT INTO Student_Session VALUES('HE4','PRO-IA1604-30','True')
INSERT INTO Student_Session VALUES('HE4','NWC-IA1604-1','True')
INSERT INTO Student_Session VALUES('HE4','NWC-IA1604-2','True')
INSERT INTO Student_Session VALUES('HE4','NWC-IA1604-3','True')
INSERT INTO Student_Session VALUES('HE4','NWC-IA1604-4','True')
INSERT INTO Student_Session VALUES('HE4','NWC-IA1604-5','True')
INSERT INTO Student_Session VALUES('HE4','NWC-IA1604-6','True')
INSERT INTO Student_Session VALUES('HE4','NWC-IA1604-7','False')
INSERT INTO Student_Session VALUES('HE4','NWC-IA1604-8','True')
INSERT INTO Student_Session VALUES('HE4','NWC-IA1604-9','True')
INSERT INTO Student_Session VALUES('HE4','NWC-IA1604-10','True')
INSERT INTO Student_Session VALUES('HE4','NWC-IA1604-11','True')
INSERT INTO Student_Session VALUES('HE4','NWC-IA1604-12','True')
INSERT INTO Student_Session VALUES('HE4','NWC-IA1604-13','False')
INSERT INTO Student_Session VALUES('HE4','NWC-IA1604-14','True')
INSERT INTO Student_Session VALUES('HE4','NWC-IA1604-15','True')
INSERT INTO Student_Session VALUES('HE4','NWC-IA1604-16','True')
INSERT INTO Student_Session VALUES('HE4','NWC-IA1604-17','True')
INSERT INTO Student_Session VALUES('HE4','NWC-IA1604-18','True')
INSERT INTO Student_Session VALUES('HE4','NWC-IA1604-19','True')
INSERT INTO Student_Session VALUES('HE4','NWC-IA1604-20','True')
INSERT INTO Student_Session VALUES('HE4','NWC-IA1604-21','False')
INSERT INTO Student_Session VALUES('HE4','NWC-IA1604-22','True')
INSERT INTO Student_Session VALUES('HE4','NWC-IA1604-23','True')
INSERT INTO Student_Session VALUES('HE4','NWC-IA1604-24','True')
INSERT INTO Student_Session VALUES('HE4','NWC-IA1604-25','False')
INSERT INTO Student_Session VALUES('HE4','NWC-IA1604-26','True')
INSERT INTO Student_Session VALUES('HE4','NWC-IA1604-27','True')
INSERT INTO Student_Session VALUES('HE4','NWC-IA1604-28','True')
INSERT INTO Student_Session VALUES('HE4','NWC-IA1604-29','True')
INSERT INTO Student_Session VALUES('HE4','NWC-IA1604-30','True')
INSERT INTO Student_Session VALUES('HE4','MAD-IA1604-1','True')
INSERT INTO Student_Session VALUES('HE4','MAD-IA1604-2','True')
INSERT INTO Student_Session VALUES('HE4','MAD-IA1604-3','True')
INSERT INTO Student_Session VALUES('HE4','MAD-IA1604-4','True')
INSERT INTO Student_Session VALUES('HE4','MAD-IA1604-5','False')
INSERT INTO Student_Session VALUES('HE4','MAD-IA1604-6','True')
INSERT INTO Student_Session VALUES('HE4','MAD-IA1604-7','True')
INSERT INTO Student_Session VALUES('HE4','MAD-IA1604-8','True')
INSERT INTO Student_Session VALUES('HE4','MAD-IA1604-9','True')
INSERT INTO Student_Session VALUES('HE4','MAD-IA1604-10','True')
INSERT INTO Student_Session VALUES('HE4','MAD-IA1604-11','False')
INSERT INTO Student_Session VALUES('HE4','MAD-IA1604-12','True')
INSERT INTO Student_Session VALUES('HE4','MAD-IA1604-13','True')
INSERT INTO Student_Session VALUES('HE4','MAD-IA1604-14','True')
INSERT INTO Student_Session VALUES('HE4','MAD-IA1604-15','True')
INSERT INTO Student_Session VALUES('HE4','MAD-IA1604-16','True')
INSERT INTO Student_Session VALUES('HE4','MAD-IA1604-17','True')
INSERT INTO Student_Session VALUES('HE4','MAD-IA1604-18','False')
INSERT INTO Student_Session VALUES('HE4','MAD-IA1604-19','True')
INSERT INTO Student_Session VALUES('HE4','MAD-IA1604-20','True')
INSERT INTO Student_Session VALUES('HE4','MAD-IA1604-21','True')
INSERT INTO Student_Session VALUES('HE4','MAD-IA1604-22','True')
INSERT INTO Student_Session VALUES('HE4','MAD-IA1604-23','True')
INSERT INTO Student_Session VALUES('HE4','MAD-IA1604-24','True')
INSERT INTO Student_Session VALUES('HE4','MAD-IA1604-25','False')
INSERT INTO Student_Session VALUES('HE4','MAD-IA1604-26','True')
INSERT INTO Student_Session VALUES('HE4','MAD-IA1604-27','True')
INSERT INTO Student_Session VALUES('HE4','MAD-IA1604-28','True')
INSERT INTO Student_Session VALUES('HE4','MAD-IA1604-29','True')
INSERT INTO Student_Session VALUES('HE4','MAD-IA1604-30','True')
INSERT INTO Student_Session VALUES('HE4','DBI-IA1604-1','True')
INSERT INTO Student_Session VALUES('HE4','DBI-IA1604-2','True')
INSERT INTO Student_Session VALUES('HE4','DBI-IA1604-3','False')
INSERT INTO Student_Session VALUES('HE4','DBI-IA1604-4','True')
INSERT INTO Student_Session VALUES('HE4','DBI-IA1604-5','True')
INSERT INTO Student_Session VALUES('HE4','DBI-IA1604-6','True')
INSERT INTO Student_Session VALUES('HE4','DBI-IA1604-7','True')
INSERT INTO Student_Session VALUES('HE4','DBI-IA1604-8','True')
INSERT INTO Student_Session VALUES('HE4','DBI-IA1604-9','True')
INSERT INTO Student_Session VALUES('HE4','DBI-IA1604-10','True')
INSERT INTO Student_Session VALUES('HE4','DBI-IA1604-11','True')
INSERT INTO Student_Session VALUES('HE4','DBI-IA1604-12','True')
INSERT INTO Student_Session VALUES('HE4','DBI-IA1604-13','True')
INSERT INTO Student_Session VALUES('HE4','DBI-IA1604-14','True')
INSERT INTO Student_Session VALUES('HE4','DBI-IA1604-15','True')
INSERT INTO Student_Session VALUES('HE4','DBI-IA1604-16','True')
INSERT INTO Student_Session VALUES('HE4','DBI-IA1604-17','False')
INSERT INTO Student_Session VALUES('HE4','DBI-IA1604-18','False')
INSERT INTO Student_Session VALUES('HE4','DBI-IA1604-19','True')
INSERT INTO Student_Session VALUES('HE4','DBI-IA1604-20','True')
INSERT INTO Student_Session VALUES('HE4','DBI-IA1604-21','False')
INSERT INTO Student_Session VALUES('HE4','DBI-IA1604-22','True')
INSERT INTO Student_Session VALUES('HE4','DBI-IA1604-23','True')
INSERT INTO Student_Session VALUES('HE4','DBI-IA1604-24','True')
INSERT INTO Student_Session VALUES('HE4','DBI-IA1604-25','True')
INSERT INTO Student_Session VALUES('HE4','DBI-IA1604-26','True')
INSERT INTO Student_Session VALUES('HE4','DBI-IA1604-27','True')
INSERT INTO Student_Session VALUES('HE4','DBI-IA1604-28','True')
INSERT INTO Student_Session VALUES('HE4','DBI-IA1604-29','True')
INSERT INTO Student_Session VALUES('HE4','DBI-IA1604-30','True')

INSERT INTO Student_Session VALUES('HE5','PRO-IA1604-1','True')
INSERT INTO Student_Session VALUES('HE5','PRO-IA1604-2','True')
INSERT INTO Student_Session VALUES('HE5','PRO-IA1604-3','False')
INSERT INTO Student_Session VALUES('HE5','PRO-IA1604-4','True')
INSERT INTO Student_Session VALUES('HE5','PRO-IA1604-5','True')
INSERT INTO Student_Session VALUES('HE5','PRO-IA1604-6','True')
INSERT INTO Student_Session VALUES('HE5','PRO-IA1604-7','True')
INSERT INTO Student_Session VALUES('HE5','PRO-IA1604-8','True')
INSERT INTO Student_Session VALUES('HE5','PRO-IA1604-9','True')
INSERT INTO Student_Session VALUES('HE5','PRO-IA1604-10','False')
INSERT INTO Student_Session VALUES('HE5','PRO-IA1604-11','True')
INSERT INTO Student_Session VALUES('HE5','PRO-IA1604-12','True')
INSERT INTO Student_Session VALUES('HE5','PRO-IA1604-13','True')
INSERT INTO Student_Session VALUES('HE5','PRO-IA1604-14','True')
INSERT INTO Student_Session VALUES('HE5','PRO-IA1604-15','True')
INSERT INTO Student_Session VALUES('HE5','PRO-IA1604-16','True')
INSERT INTO Student_Session VALUES('HE5','PRO-IA1604-17','True')
INSERT INTO Student_Session VALUES('HE5','PRO-IA1604-18','False')
INSERT INTO Student_Session VALUES('HE5','PRO-IA1604-19','True')
INSERT INTO Student_Session VALUES('HE5','PRO-IA1604-20','True')
INSERT INTO Student_Session VALUES('HE5','PRO-IA1604-21','False')
INSERT INTO Student_Session VALUES('HE5','PRO-IA1604-22','True')
INSERT INTO Student_Session VALUES('HE5','PRO-IA1604-23','True')
INSERT INTO Student_Session VALUES('HE5','PRO-IA1604-24','True')
INSERT INTO Student_Session VALUES('HE5','PRO-IA1604-25','False')
INSERT INTO Student_Session VALUES('HE5','PRO-IA1604-26','True')
INSERT INTO Student_Session VALUES('HE5','PRO-IA1604-27','True')
INSERT INTO Student_Session VALUES('HE5','PRO-IA1604-28','True')
INSERT INTO Student_Session VALUES('HE5','PRO-IA1604-29','True')
INSERT INTO Student_Session VALUES('HE5','PRO-IA1604-30','True')
INSERT INTO Student_Session VALUES('HE5','NWC-IA1604-1','True')
INSERT INTO Student_Session VALUES('HE5','NWC-IA1604-2','True')
INSERT INTO Student_Session VALUES('HE5','NWC-IA1604-3','True')
INSERT INTO Student_Session VALUES('HE5','NWC-IA1604-4','True')
INSERT INTO Student_Session VALUES('HE5','NWC-IA1604-5','True')
INSERT INTO Student_Session VALUES('HE5','NWC-IA1604-6','True')
INSERT INTO Student_Session VALUES('HE5','NWC-IA1604-7','False')
INSERT INTO Student_Session VALUES('HE5','NWC-IA1604-8','True')
INSERT INTO Student_Session VALUES('HE5','NWC-IA1604-9','True')
INSERT INTO Student_Session VALUES('HE5','NWC-IA1604-10','True')
INSERT INTO Student_Session VALUES('HE5','NWC-IA1604-11','True')
INSERT INTO Student_Session VALUES('HE5','NWC-IA1604-12','True')
INSERT INTO Student_Session VALUES('HE5','NWC-IA1604-13','False')
INSERT INTO Student_Session VALUES('HE5','NWC-IA1604-14','True')
INSERT INTO Student_Session VALUES('HE5','NWC-IA1604-15','True')
INSERT INTO Student_Session VALUES('HE5','NWC-IA1604-16','True')
INSERT INTO Student_Session VALUES('HE5','NWC-IA1604-17','True')
INSERT INTO Student_Session VALUES('HE5','NWC-IA1604-18','True')
INSERT INTO Student_Session VALUES('HE5','NWC-IA1604-19','False')
INSERT INTO Student_Session VALUES('HE5','NWC-IA1604-20','True')
INSERT INTO Student_Session VALUES('HE5','NWC-IA1604-21','False')
INSERT INTO Student_Session VALUES('HE5','NWC-IA1604-22','True')
INSERT INTO Student_Session VALUES('HE5','NWC-IA1604-23','True')
INSERT INTO Student_Session VALUES('HE5','NWC-IA1604-24','True')
INSERT INTO Student_Session VALUES('HE5','NWC-IA1604-25','False')
INSERT INTO Student_Session VALUES('HE5','NWC-IA1604-26','True')
INSERT INTO Student_Session VALUES('HE5','NWC-IA1604-27','True')
INSERT INTO Student_Session VALUES('HE5','NWC-IA1604-28','True')
INSERT INTO Student_Session VALUES('HE5','NWC-IA1604-29','True')
INSERT INTO Student_Session VALUES('HE5','NWC-IA1604-30','True')
INSERT INTO Student_Session VALUES('HE5','MAD-IA1604-1','True')
INSERT INTO Student_Session VALUES('HE5','MAD-IA1604-2','True')
INSERT INTO Student_Session VALUES('HE5','MAD-IA1604-3','True')
INSERT INTO Student_Session VALUES('HE5','MAD-IA1604-4','True')
INSERT INTO Student_Session VALUES('HE5','MAD-IA1604-5','False')
INSERT INTO Student_Session VALUES('HE5','MAD-IA1604-6','True')
INSERT INTO Student_Session VALUES('HE5','MAD-IA1604-7','True')
INSERT INTO Student_Session VALUES('HE5','MAD-IA1604-8','False')
INSERT INTO Student_Session VALUES('HE5','MAD-IA1604-9','True')
INSERT INTO Student_Session VALUES('HE5','MAD-IA1604-10','True')
INSERT INTO Student_Session VALUES('HE5','MAD-IA1604-11','True')
INSERT INTO Student_Session VALUES('HE5','MAD-IA1604-12','True')
INSERT INTO Student_Session VALUES('HE5','MAD-IA1604-13','True')
INSERT INTO Student_Session VALUES('HE5','MAD-IA1604-14','True')
INSERT INTO Student_Session VALUES('HE5','MAD-IA1604-15','True')
INSERT INTO Student_Session VALUES('HE5','MAD-IA1604-16','True')
INSERT INTO Student_Session VALUES('HE5','MAD-IA1604-17','True')
INSERT INTO Student_Session VALUES('HE5','MAD-IA1604-18','False')
INSERT INTO Student_Session VALUES('HE5','MAD-IA1604-19','True')
INSERT INTO Student_Session VALUES('HE5','MAD-IA1604-20','False')
INSERT INTO Student_Session VALUES('HE5','MAD-IA1604-21','True')
INSERT INTO Student_Session VALUES('HE5','MAD-IA1604-22','True')
INSERT INTO Student_Session VALUES('HE5','MAD-IA1604-23','True')
INSERT INTO Student_Session VALUES('HE5','MAD-IA1604-24','True')
INSERT INTO Student_Session VALUES('HE5','MAD-IA1604-25','False')
INSERT INTO Student_Session VALUES('HE5','MAD-IA1604-26','True')
INSERT INTO Student_Session VALUES('HE5','MAD-IA1604-27','True')
INSERT INTO Student_Session VALUES('HE5','MAD-IA1604-28','True')
INSERT INTO Student_Session VALUES('HE5','MAD-IA1604-29','True')
INSERT INTO Student_Session VALUES('HE5','MAD-IA1604-30','True')
INSERT INTO Student_Session VALUES('HE5','DBI-IA1604-1','True')
INSERT INTO Student_Session VALUES('HE5','DBI-IA1604-2','True')
INSERT INTO Student_Session VALUES('HE5','DBI-IA1604-3','False')
INSERT INTO Student_Session VALUES('HE5','DBI-IA1604-4','True')
INSERT INTO Student_Session VALUES('HE5','DBI-IA1604-5','True')
INSERT INTO Student_Session VALUES('HE5','DBI-IA1604-6','True')
INSERT INTO Student_Session VALUES('HE5','DBI-IA1604-7','True')
INSERT INTO Student_Session VALUES('HE5','DBI-IA1604-8','True')
INSERT INTO Student_Session VALUES('HE5','DBI-IA1604-9','True')
INSERT INTO Student_Session VALUES('HE5','DBI-IA1604-10','True')
INSERT INTO Student_Session VALUES('HE5','DBI-IA1604-11','True')
INSERT INTO Student_Session VALUES('HE5','DBI-IA1604-12','True')
INSERT INTO Student_Session VALUES('HE5','DBI-IA1604-13','True')
INSERT INTO Student_Session VALUES('HE5','DBI-IA1604-14','True')
INSERT INTO Student_Session VALUES('HE5','DBI-IA1604-15','True')
INSERT INTO Student_Session VALUES('HE5','DBI-IA1604-16','True')
INSERT INTO Student_Session VALUES('HE3','DBI-IA1604-17','False')
INSERT INTO Student_Session VALUES('HE5','DBI-IA1604-18','True')
INSERT INTO Student_Session VALUES('HE5','DBI-IA1604-19','True')
INSERT INTO Student_Session VALUES('HE5','DBI-IA1604-20','True')
INSERT INTO Student_Session VALUES('HE5','DBI-IA1604-21','False')
INSERT INTO Student_Session VALUES('HE5','DBI-IA1604-22','True')
INSERT INTO Student_Session VALUES('HE5','DBI-IA1604-23','True')
INSERT INTO Student_Session VALUES('HE5','DBI-IA1604-24','True')
INSERT INTO Student_Session VALUES('HE5','DBI-IA1604-25','True')
INSERT INTO Student_Session VALUES('HE5','DBI-IA1604-26','False')
INSERT INTO Student_Session VALUES('HE5','DBI-IA1604-27','True')
INSERT INTO Student_Session VALUES('HE5','DBI-IA1604-28','True')
INSERT INTO Student_Session VALUES('HE5','DBI-IA1604-29','True')
INSERT INTO Student_Session VALUES('HE5','DBI-IA1604-30','True')

INSERT INTO Student_Session VALUES('HE6','PRO-IA1604-1','True')
INSERT INTO Student_Session VALUES('HE6','PRO-IA1604-2','True')
INSERT INTO Student_Session VALUES('HE6','PRO-IA1604-3','False')
INSERT INTO Student_Session VALUES('HE6','PRO-IA1604-4','True')
INSERT INTO Student_Session VALUES('HE6','PRO-IA1604-5','True')
INSERT INTO Student_Session VALUES('HE6','PRO-IA1604-6','True')
INSERT INTO Student_Session VALUES('HE6','PRO-IA1604-7','True')
INSERT INTO Student_Session VALUES('HE6','PRO-IA1604-8','True')
INSERT INTO Student_Session VALUES('HE6','PRO-IA1604-9','True')
INSERT INTO Student_Session VALUES('HE6','PRO-IA1604-10','True')
INSERT INTO Student_Session VALUES('HE6','PRO-IA1604-11','True')
INSERT INTO Student_Session VALUES('HE6','PRO-IA1604-12','True')
INSERT INTO Student_Session VALUES('HE6','PRO-IA1604-13','True')
INSERT INTO Student_Session VALUES('HE6','PRO-IA1604-14','False')
INSERT INTO Student_Session VALUES('HE6','PRO-IA1604-15','True')
INSERT INTO Student_Session VALUES('HE6','PRO-IA1604-16','True')
INSERT INTO Student_Session VALUES('HE6','PRO-IA1604-17','True')
INSERT INTO Student_Session VALUES('HE6','PRO-IA1604-18','True')
INSERT INTO Student_Session VALUES('HE6','PRO-IA1604-19','True')
INSERT INTO Student_Session VALUES('HE6','PRO-IA1604-20','True')
INSERT INTO Student_Session VALUES('HE6','PRO-IA1604-21','False')
INSERT INTO Student_Session VALUES('HE6','PRO-IA1604-22','True')
INSERT INTO Student_Session VALUES('HE6','PRO-IA1604-23','True')
INSERT INTO Student_Session VALUES('HE6','PRO-IA1604-24','True')
INSERT INTO Student_Session VALUES('HE6','PRO-IA1604-25','False')
INSERT INTO Student_Session VALUES('HE6','PRO-IA1604-26','True')
INSERT INTO Student_Session VALUES('HE6','PRO-IA1604-27','True')
INSERT INTO Student_Session VALUES('HE6','PRO-IA1604-28','True')
INSERT INTO Student_Session VALUES('HE6','PRO-IA1604-29','True')
INSERT INTO Student_Session VALUES('HE6','PRO-IA1604-30','True')
INSERT INTO Student_Session VALUES('HE6','NWC-IA1604-1','True')
INSERT INTO Student_Session VALUES('HE6','NWC-IA1604-2','False')
INSERT INTO Student_Session VALUES('HE6','NWC-IA1604-3','True')
INSERT INTO Student_Session VALUES('HE6','NWC-IA1604-4','True')
INSERT INTO Student_Session VALUES('HE6','NWC-IA1604-5','True')
INSERT INTO Student_Session VALUES('HE6','NWC-IA1604-6','True')
INSERT INTO Student_Session VALUES('HE6','NWC-IA1604-7','False')
INSERT INTO Student_Session VALUES('HE6','NWC-IA1604-8','True')
INSERT INTO Student_Session VALUES('HE6','NWC-IA1604-9','True')
INSERT INTO Student_Session VALUES('HE6','NWC-IA1604-10','True')
INSERT INTO Student_Session VALUES('HE6','NWC-IA1604-11','True')
INSERT INTO Student_Session VALUES('HE6','NWC-IA1604-12','True')
INSERT INTO Student_Session VALUES('HE6','NWC-IA1604-13','False')
INSERT INTO Student_Session VALUES('HE6','NWC-IA1604-14','True')
INSERT INTO Student_Session VALUES('HE6','NWC-IA1604-15','True')
INSERT INTO Student_Session VALUES('HE6','NWC-IA1604-16','True')
INSERT INTO Student_Session VALUES('HE6','NWC-IA1604-17','False')
INSERT INTO Student_Session VALUES('HE6','NWC-IA1604-18','True')
INSERT INTO Student_Session VALUES('HE6','NWC-IA1604-19','True')
INSERT INTO Student_Session VALUES('HE6','NWC-IA1604-20','True')
INSERT INTO Student_Session VALUES('HE6','NWC-IA1604-21','False')
INSERT INTO Student_Session VALUES('HE6','NWC-IA1604-22','True')
INSERT INTO Student_Session VALUES('HE6','NWC-IA1604-23','True')
INSERT INTO Student_Session VALUES('HE6','NWC-IA1604-24','True')
INSERT INTO Student_Session VALUES('HE6','NWC-IA1604-25','False')
INSERT INTO Student_Session VALUES('HE6','NWC-IA1604-26','True')
INSERT INTO Student_Session VALUES('HE6','NWC-IA1604-27','True')
INSERT INTO Student_Session VALUES('HE6','NWC-IA1604-28','True')
INSERT INTO Student_Session VALUES('HE6','NWC-IA1604-29','True')
INSERT INTO Student_Session VALUES('HE6','NWC-IA1604-30','True')
INSERT INTO Student_Session VALUES('HE6','MAD-IA1604-1','True')
INSERT INTO Student_Session VALUES('HE6','MAD-IA1604-2','True')
INSERT INTO Student_Session VALUES('HE6','MAD-IA1604-3','True')
INSERT INTO Student_Session VALUES('HE6','MAD-IA1604-4','True')
INSERT INTO Student_Session VALUES('HE6','MAD-IA1604-5','False')
INSERT INTO Student_Session VALUES('HE6','MAD-IA1604-6','False')
INSERT INTO Student_Session VALUES('HE6','MAD-IA1604-7','True')
INSERT INTO Student_Session VALUES('HE6','MAD-IA1604-8','True')
INSERT INTO Student_Session VALUES('HE6','MAD-IA1604-9','True')
INSERT INTO Student_Session VALUES('HE6','MAD-IA1604-10','True')
INSERT INTO Student_Session VALUES('HE6','MAD-IA1604-11','True')
INSERT INTO Student_Session VALUES('HE6','MAD-IA1604-12','True')
INSERT INTO Student_Session VALUES('HE6','MAD-IA1604-13','True')
INSERT INTO Student_Session VALUES('HE6','MAD-IA1604-14','True')
INSERT INTO Student_Session VALUES('HE6','MAD-IA1604-15','True')
INSERT INTO Student_Session VALUES('HE6','MAD-IA1604-16','True')
INSERT INTO Student_Session VALUES('HE6','MAD-IA1604-17','True')
INSERT INTO Student_Session VALUES('HE6','MAD-IA1604-18','False')
INSERT INTO Student_Session VALUES('HE6','MAD-IA1604-19','True')
INSERT INTO Student_Session VALUES('HE6','MAD-IA1604-20','True')
INSERT INTO Student_Session VALUES('HE6','MAD-IA1604-21','False')
INSERT INTO Student_Session VALUES('HE6','MAD-IA1604-22','True')
INSERT INTO Student_Session VALUES('HE6','MAD-IA1604-23','True')
INSERT INTO Student_Session VALUES('HE6','MAD-IA1604-24','True')
INSERT INTO Student_Session VALUES('HE6','MAD-IA1604-25','False')
INSERT INTO Student_Session VALUES('HE6','MAD-IA1604-26','True')
INSERT INTO Student_Session VALUES('HE6','MAD-IA1604-27','True')
INSERT INTO Student_Session VALUES('HE6','MAD-IA1604-28','True')
INSERT INTO Student_Session VALUES('HE6','MAD-IA1604-29','True')
INSERT INTO Student_Session VALUES('HE6','MAD-IA1604-30','True')
INSERT INTO Student_Session VALUES('HE6','DBI-IA1604-1','True')
INSERT INTO Student_Session VALUES('HE6','DBI-IA1604-2','True')
INSERT INTO Student_Session VALUES('HE6','DBI-IA1604-3','False')
INSERT INTO Student_Session VALUES('HE6','DBI-IA1604-4','True')
INSERT INTO Student_Session VALUES('HE6','DBI-IA1604-5','True')
INSERT INTO Student_Session VALUES('HE6','DBI-IA1604-6','True')
INSERT INTO Student_Session VALUES('HE6','DBI-IA1604-7','True')
INSERT INTO Student_Session VALUES('HE6','DBI-IA1604-8','True')
INSERT INTO Student_Session VALUES('HE6','DBI-IA1604-9','False')
INSERT INTO Student_Session VALUES('HE6','DBI-IA1604-10','True')
INSERT INTO Student_Session VALUES('HE6','DBI-IA1604-11','True')
INSERT INTO Student_Session VALUES('HE6','DBI-IA1604-12','True')
INSERT INTO Student_Session VALUES('HE6','DBI-IA1604-13','True')
INSERT INTO Student_Session VALUES('HE6','DBI-IA1604-14','True')
INSERT INTO Student_Session VALUES('HE6','DBI-IA1604-15','True')
INSERT INTO Student_Session VALUES('HE6','DBI-IA1604-16','True')
INSERT INTO Student_Session VALUES('HE6','DBI-IA1604-17','False')
INSERT INTO Student_Session VALUES('HE6','DBI-IA1604-18','True')
INSERT INTO Student_Session VALUES('HE6','DBI-IA1604-19','True')
INSERT INTO Student_Session VALUES('HE6','DBI-IA1604-20','True')
INSERT INTO Student_Session VALUES('HE6','DBI-IA1604-21','False')
INSERT INTO Student_Session VALUES('HE6','DBI-IA1604-22','True')
INSERT INTO Student_Session VALUES('HE6','DBI-IA1604-23','True')
INSERT INTO Student_Session VALUES('HE6','DBI-IA1604-24','True')
INSERT INTO Student_Session VALUES('HE6','DBI-IA1604-25','True')
INSERT INTO Student_Session VALUES('HE6','DBI-IA1604-26','True')
INSERT INTO Student_Session VALUES('HE6','DBI-IA1604-27','True')
INSERT INTO Student_Session VALUES('HE6','DBI-IA1604-28','True')
INSERT INTO Student_Session VALUES('HE6','DBI-IA1604-29','True')
INSERT INTO Student_Session VALUES('HE6','DBI-IA1604-30','True')

INSERT INTO Student_Session VALUES('HE7','PRO-IA1604-1','True')
INSERT INTO Student_Session VALUES('HE7','PRO-IA1604-2','True')
INSERT INTO Student_Session VALUES('HE7','PRO-IA1604-3','False')
INSERT INTO Student_Session VALUES('HE7','PRO-IA1604-4','True')
INSERT INTO Student_Session VALUES('HE7','PRO-IA1604-5','False')
INSERT INTO Student_Session VALUES('HE7','PRO-IA1604-6','True')
INSERT INTO Student_Session VALUES('HE7','PRO-IA1604-7','True')
INSERT INTO Student_Session VALUES('HE7','PRO-IA1604-8','True')
INSERT INTO Student_Session VALUES('HE7','PRO-IA1604-9','True')
INSERT INTO Student_Session VALUES('HE7','PRO-IA1604-10','True')
INSERT INTO Student_Session VALUES('HE7','PRO-IA1604-11','True')
INSERT INTO Student_Session VALUES('HE7','PRO-IA1604-12','True')
INSERT INTO Student_Session VALUES('HE7','PRO-IA1604-13','True')
INSERT INTO Student_Session VALUES('HE7','PRO-IA1604-14','True')
INSERT INTO Student_Session VALUES('HE7','PRO-IA1604-15','True')
INSERT INTO Student_Session VALUES('HE7','PRO-IA1604-16','True')
INSERT INTO Student_Session VALUES('HE7','PRO-IA1604-17','True')
INSERT INTO Student_Session VALUES('HE7','PRO-IA1604-18','True')
INSERT INTO Student_Session VALUES('HE7','PRO-IA1604-19','True')
INSERT INTO Student_Session VALUES('HE7','PRO-IA1604-20','False')
INSERT INTO Student_Session VALUES('HE7','PRO-IA1604-21','False')
INSERT INTO Student_Session VALUES('HE7','PRO-IA1604-22','True')
INSERT INTO Student_Session VALUES('HE7','PRO-IA1604-23','True')
INSERT INTO Student_Session VALUES('HE7','PRO-IA1604-24','True')
INSERT INTO Student_Session VALUES('HE7','PRO-IA1604-25','False')
INSERT INTO Student_Session VALUES('HE7','PRO-IA1604-26','True')
INSERT INTO Student_Session VALUES('HE7','PRO-IA1604-27','True')
INSERT INTO Student_Session VALUES('HE7','PRO-IA1604-28','True')
INSERT INTO Student_Session VALUES('HE7','PRO-IA1604-29','True')
INSERT INTO Student_Session VALUES('HE7','PRO-IA1604-30','True')
INSERT INTO Student_Session VALUES('HE7','NWC-IA1604-1','True')
INSERT INTO Student_Session VALUES('HE7','NWC-IA1604-2','True')
INSERT INTO Student_Session VALUES('HE7','NWC-IA1604-3','True')
INSERT INTO Student_Session VALUES('HE7','NWC-IA1604-4','True')
INSERT INTO Student_Session VALUES('HE7','NWC-IA1604-5','True')
INSERT INTO Student_Session VALUES('HE7','NWC-IA1604-6','True')
INSERT INTO Student_Session VALUES('HE7','NWC-IA1604-7','False')
INSERT INTO Student_Session VALUES('HE7','NWC-IA1604-8','True')
INSERT INTO Student_Session VALUES('HE7','NWC-IA1604-9','True')
INSERT INTO Student_Session VALUES('HE7','NWC-IA1604-10','True')
INSERT INTO Student_Session VALUES('HE7','NWC-IA1604-11','True')
INSERT INTO Student_Session VALUES('HE7','NWC-IA1604-12','False')
INSERT INTO Student_Session VALUES('HE7','NWC-IA1604-13','False')
INSERT INTO Student_Session VALUES('HE7','NWC-IA1604-14','True')
INSERT INTO Student_Session VALUES('HE7','NWC-IA1604-15','True')
INSERT INTO Student_Session VALUES('HE7','NWC-IA1604-16','True')
INSERT INTO Student_Session VALUES('HE7','NWC-IA1604-17','True')
INSERT INTO Student_Session VALUES('HE7','NWC-IA1604-18','True')
INSERT INTO Student_Session VALUES('HE7','NWC-IA1604-19','True')
INSERT INTO Student_Session VALUES('HE7','NWC-IA1604-20','True')
INSERT INTO Student_Session VALUES('HE7','NWC-IA1604-21','False')
INSERT INTO Student_Session VALUES('HE7','NWC-IA1604-22','True')
INSERT INTO Student_Session VALUES('HE7','NWC-IA1604-23','True')
INSERT INTO Student_Session VALUES('HE7','NWC-IA1604-24','True')
INSERT INTO Student_Session VALUES('HE7','NWC-IA1604-25','False')
INSERT INTO Student_Session VALUES('HE7','NWC-IA1604-26','True')
INSERT INTO Student_Session VALUES('HE7','NWC-IA1604-27','True')
INSERT INTO Student_Session VALUES('HE7','NWC-IA1604-28','True')
INSERT INTO Student_Session VALUES('HE7','NWC-IA1604-29','True')
INSERT INTO Student_Session VALUES('HE7','NWC-IA1604-30','True')
INSERT INTO Student_Session VALUES('HE7','MAD-IA1604-1','True')
INSERT INTO Student_Session VALUES('HE7','MAD-IA1604-2','True')
INSERT INTO Student_Session VALUES('HE7','MAD-IA1604-3','True')
INSERT INTO Student_Session VALUES('HE7','MAD-IA1604-4','True')
INSERT INTO Student_Session VALUES('HE7','MAD-IA1604-5','False')
INSERT INTO Student_Session VALUES('HE7','MAD-IA1604-6','True')
INSERT INTO Student_Session VALUES('HE7','MAD-IA1604-7','True')
INSERT INTO Student_Session VALUES('HE7','MAD-IA1604-8','True')
INSERT INTO Student_Session VALUES('HE7','MAD-IA1604-9','True')
INSERT INTO Student_Session VALUES('HE7','MAD-IA1604-10','True')
INSERT INTO Student_Session VALUES('HE7','MAD-IA1604-11','True')
INSERT INTO Student_Session VALUES('HE7','MAD-IA1604-12','True')
INSERT INTO Student_Session VALUES('HE7','MAD-IA1604-13','True')
INSERT INTO Student_Session VALUES('HE7','MAD-IA1604-14','True')
INSERT INTO Student_Session VALUES('HE7','MAD-IA1604-15','True')
INSERT INTO Student_Session VALUES('HE7','MAD-IA1604-16','True')
INSERT INTO Student_Session VALUES('HE7','MAD-IA1604-17','True')
INSERT INTO Student_Session VALUES('HE7','MAD-IA1604-18','False')
INSERT INTO Student_Session VALUES('HE7','MAD-IA1604-19','True')
INSERT INTO Student_Session VALUES('HE7','MAD-IA1604-20','True')
INSERT INTO Student_Session VALUES('HE7','MAD-IA1604-21','True')
INSERT INTO Student_Session VALUES('HE7','MAD-IA1604-22','True')
INSERT INTO Student_Session VALUES('HE7','MAD-IA1604-23','True')
INSERT INTO Student_Session VALUES('HE7','MAD-IA1604-24','True')
INSERT INTO Student_Session VALUES('HE7','MAD-IA1604-25','False')
INSERT INTO Student_Session VALUES('HE7','MAD-IA1604-26','True')
INSERT INTO Student_Session VALUES('HE7','MAD-IA1604-27','True')
INSERT INTO Student_Session VALUES('HE7','MAD-IA1604-28','True')
INSERT INTO Student_Session VALUES('HE7','MAD-IA1604-29','True')
INSERT INTO Student_Session VALUES('HE7','MAD-IA1604-30','True')
INSERT INTO Student_Session VALUES('HE7','DBI-IA1604-1','False')
INSERT INTO Student_Session VALUES('HE7','DBI-IA1604-2','True')
INSERT INTO Student_Session VALUES('HE7','DBI-IA1604-3','False')
INSERT INTO Student_Session VALUES('HE7','DBI-IA1604-4','True')
INSERT INTO Student_Session VALUES('HE7','DBI-IA1604-5','True')
INSERT INTO Student_Session VALUES('HE7','DBI-IA1604-6','True')
INSERT INTO Student_Session VALUES('HE7','DBI-IA1604-7','True')
INSERT INTO Student_Session VALUES('HE7','DBI-IA1604-8','True')
INSERT INTO Student_Session VALUES('HE7','DBI-IA1604-9','True')
INSERT INTO Student_Session VALUES('HE7','DBI-IA1604-10','True')
INSERT INTO Student_Session VALUES('HE7','DBI-IA1604-11','True')
INSERT INTO Student_Session VALUES('HE7','DBI-IA1604-12','True')
INSERT INTO Student_Session VALUES('HE7','DBI-IA1604-13','True')
INSERT INTO Student_Session VALUES('HE7','DBI-IA1604-14','True')
INSERT INTO Student_Session VALUES('HE7','DBI-IA1604-15','True')
INSERT INTO Student_Session VALUES('HE7','DBI-IA1604-16','True')
INSERT INTO Student_Session VALUES('HE7','DBI-IA1604-17','False')
INSERT INTO Student_Session VALUES('HE7','DBI-IA1604-18','True')
INSERT INTO Student_Session VALUES('HE7','DBI-IA1604-19','True')
INSERT INTO Student_Session VALUES('HE7','DBI-IA1604-20','True')
INSERT INTO Student_Session VALUES('HE7','DBI-IA1604-21','False')
INSERT INTO Student_Session VALUES('HE7','DBI-IA1604-22','True')
INSERT INTO Student_Session VALUES('HE7','DBI-IA1604-23','True')
INSERT INTO Student_Session VALUES('HE7','DBI-IA1604-24','True')
INSERT INTO Student_Session VALUES('HE7','DBI-IA1604-25','True')
INSERT INTO Student_Session VALUES('HE7','DBI-IA1604-26','True')
INSERT INTO Student_Session VALUES('HE7','DBI-IA1604-27','True')
INSERT INTO Student_Session VALUES('HE7','DBI-IA1604-28','True')
INSERT INTO Student_Session VALUES('HE7','DBI-IA1604-29','True')
INSERT INTO Student_Session VALUES('HE7','DBI-IA1604-30','True')

INSERT INTO Student_Session VALUES('HE8','PRO-IA1604-1','True')
INSERT INTO Student_Session VALUES('HE8','PRO-IA1604-2','True')
INSERT INTO Student_Session VALUES('HE8','PRO-IA1604-3','False')
INSERT INTO Student_Session VALUES('HE8','PRO-IA1604-4','False')
INSERT INTO Student_Session VALUES('HE8','PRO-IA1604-5','True')
INSERT INTO Student_Session VALUES('HE8','PRO-IA1604-6','True')
INSERT INTO Student_Session VALUES('HE8','PRO-IA1604-7','True')
INSERT INTO Student_Session VALUES('HE8','PRO-IA1604-8','True')
INSERT INTO Student_Session VALUES('HE8','PRO-IA1604-9','True')
INSERT INTO Student_Session VALUES('HE8','PRO-IA1604-10','True')
INSERT INTO Student_Session VALUES('HE8','PRO-IA1604-11','True')
INSERT INTO Student_Session VALUES('HE8','PRO-IA1604-12','True')
INSERT INTO Student_Session VALUES('HE8','PRO-IA1604-13','True')
INSERT INTO Student_Session VALUES('HE8','PRO-IA1604-14','True')
INSERT INTO Student_Session VALUES('HE8','PRO-IA1604-15','True')
INSERT INTO Student_Session VALUES('HE8','PRO-IA1604-16','True')
INSERT INTO Student_Session VALUES('HE8','PRO-IA1604-17','True')
INSERT INTO Student_Session VALUES('HE8','PRO-IA1604-18','True')
INSERT INTO Student_Session VALUES('HE8','PRO-IA1604-19','True')
INSERT INTO Student_Session VALUES('HE8','PRO-IA1604-20','True')
INSERT INTO Student_Session VALUES('HE8','PRO-IA1604-21','False')
INSERT INTO Student_Session VALUES('HE8','PRO-IA1604-22','True')
INSERT INTO Student_Session VALUES('HE8','PRO-IA1604-23','True')
INSERT INTO Student_Session VALUES('HE8','PRO-IA1604-24','True')
INSERT INTO Student_Session VALUES('HE8','PRO-IA1604-25','False')
INSERT INTO Student_Session VALUES('HE8','PRO-IA1604-26','True')
INSERT INTO Student_Session VALUES('HE8','PRO-IA1604-27','True')
INSERT INTO Student_Session VALUES('HE8','PRO-IA1604-28','True')
INSERT INTO Student_Session VALUES('HE8','PRO-IA1604-29','True')
INSERT INTO Student_Session VALUES('HE8','PRO-IA1604-30','True')
INSERT INTO Student_Session VALUES('HE8','NWC-IA1604-1','False')
INSERT INTO Student_Session VALUES('HE8','NWC-IA1604-2','True')
INSERT INTO Student_Session VALUES('HE8','NWC-IA1604-3','True')
INSERT INTO Student_Session VALUES('HE8','NWC-IA1604-4','True')
INSERT INTO Student_Session VALUES('HE8','NWC-IA1604-5','True')
INSERT INTO Student_Session VALUES('HE8','NWC-IA1604-6','True')
INSERT INTO Student_Session VALUES('HE8','NWC-IA1604-7','False')
INSERT INTO Student_Session VALUES('HE8','NWC-IA1604-8','True')
INSERT INTO Student_Session VALUES('HE8','NWC-IA1604-9','True')
INSERT INTO Student_Session VALUES('HE8','NWC-IA1604-10','True')
INSERT INTO Student_Session VALUES('HE8','NWC-IA1604-11','True')
INSERT INTO Student_Session VALUES('HE8','NWC-IA1604-12','True')
INSERT INTO Student_Session VALUES('HE8','NWC-IA1604-13','False')
INSERT INTO Student_Session VALUES('HE8','NWC-IA1604-14','True')
INSERT INTO Student_Session VALUES('HE8','NWC-IA1604-15','True')
INSERT INTO Student_Session VALUES('HE8','NWC-IA1604-16','True')
INSERT INTO Student_Session VALUES('HE8','NWC-IA1604-17','True')
INSERT INTO Student_Session VALUES('HE8','NWC-IA1604-18','True')
INSERT INTO Student_Session VALUES('HE8','NWC-IA1604-19','True')
INSERT INTO Student_Session VALUES('HE8','NWC-IA1604-20','True')
INSERT INTO Student_Session VALUES('HE8','NWC-IA1604-21','False')
INSERT INTO Student_Session VALUES('HE8','NWC-IA1604-22','True')
INSERT INTO Student_Session VALUES('HE8','NWC-IA1604-23','True')
INSERT INTO Student_Session VALUES('HE8','NWC-IA1604-24','True')
INSERT INTO Student_Session VALUES('HE8','NWC-IA1604-25','False')
INSERT INTO Student_Session VALUES('HE8','NWC-IA1604-26','True')
INSERT INTO Student_Session VALUES('HE8','NWC-IA1604-27','True')
INSERT INTO Student_Session VALUES('HE8','NWC-IA1604-28','True')
INSERT INTO Student_Session VALUES('HE8','NWC-IA1604-29','True')
INSERT INTO Student_Session VALUES('HE8','NWC-IA1604-30','True')
INSERT INTO Student_Session VALUES('HE8','MAD-IA1604-1','True')
INSERT INTO Student_Session VALUES('HE8','MAD-IA1604-2','True')
INSERT INTO Student_Session VALUES('HE8','MAD-IA1604-3','True')
INSERT INTO Student_Session VALUES('HE8','MAD-IA1604-4','True')
INSERT INTO Student_Session VALUES('HE8','MAD-IA1604-5','False')
INSERT INTO Student_Session VALUES('HE8','MAD-IA1604-6','True')
INSERT INTO Student_Session VALUES('HE8','MAD-IA1604-7','True')
INSERT INTO Student_Session VALUES('HE8','MAD-IA1604-8','True')
INSERT INTO Student_Session VALUES('HE8','MAD-IA1604-9','True')
INSERT INTO Student_Session VALUES('HE8','MAD-IA1604-10','True')
INSERT INTO Student_Session VALUES('HE8','MAD-IA1604-11','True')
INSERT INTO Student_Session VALUES('HE8','MAD-IA1604-12','True')
INSERT INTO Student_Session VALUES('HE8','MAD-IA1604-13','True')
INSERT INTO Student_Session VALUES('HE8','MAD-IA1604-14','True')
INSERT INTO Student_Session VALUES('HE8','MAD-IA1604-15','True')
INSERT INTO Student_Session VALUES('HE8','MAD-IA1604-16','True')
INSERT INTO Student_Session VALUES('HE8','MAD-IA1604-17','True')
INSERT INTO Student_Session VALUES('HE8','MAD-IA1604-18','False')
INSERT INTO Student_Session VALUES('HE8','MAD-IA1604-19','True')
INSERT INTO Student_Session VALUES('HE8','MAD-IA1604-20','True')
INSERT INTO Student_Session VALUES('HE8','MAD-IA1604-21','True')
INSERT INTO Student_Session VALUES('HE8','MAD-IA1604-22','True')
INSERT INTO Student_Session VALUES('HE8','MAD-IA1604-23','True')
INSERT INTO Student_Session VALUES('HE8','MAD-IA1604-24','True')
INSERT INTO Student_Session VALUES('HE8','MAD-IA1604-25','False')
INSERT INTO Student_Session VALUES('HE8','MAD-IA1604-26','True')
INSERT INTO Student_Session VALUES('HE8','MAD-IA1604-27','True')
INSERT INTO Student_Session VALUES('HE8','MAD-IA1604-28','True')
INSERT INTO Student_Session VALUES('HE8','MAD-IA1604-29','True')
INSERT INTO Student_Session VALUES('HE8','MAD-IA1604-30','True')
INSERT INTO Student_Session VALUES('HE8','DBI-IA1604-1','True')
INSERT INTO Student_Session VALUES('HE8','DBI-IA1604-2','True')
INSERT INTO Student_Session VALUES('HE8','DBI-IA1604-3','False')
INSERT INTO Student_Session VALUES('HE8','DBI-IA1604-4','True')
INSERT INTO Student_Session VALUES('HE8','DBI-IA1604-5','True')
INSERT INTO Student_Session VALUES('HE8','DBI-IA1604-6','True')
INSERT INTO Student_Session VALUES('HE8','DBI-IA1604-7','True')
INSERT INTO Student_Session VALUES('HE8','DBI-IA1604-8','True')
INSERT INTO Student_Session VALUES('HE8','DBI-IA1604-9','True')
INSERT INTO Student_Session VALUES('HE8','DBI-IA1604-10','True')
INSERT INTO Student_Session VALUES('HE8','DBI-IA1604-11','False')
INSERT INTO Student_Session VALUES('HE8','DBI-IA1604-12','True')
INSERT INTO Student_Session VALUES('HE8','DBI-IA1604-13','True')
INSERT INTO Student_Session VALUES('HE8','DBI-IA1604-14','True')
INSERT INTO Student_Session VALUES('HE8','DBI-IA1604-15','True')
INSERT INTO Student_Session VALUES('HE8','DBI-IA1604-16','True')
INSERT INTO Student_Session VALUES('HE8','DBI-IA1604-17','False')
INSERT INTO Student_Session VALUES('HE8','DBI-IA1604-18','True')
INSERT INTO Student_Session VALUES('HE8','DBI-IA1604-19','True')
INSERT INTO Student_Session VALUES('HE8','DBI-IA1604-20','True')
INSERT INTO Student_Session VALUES('HE8','DBI-IA1604-21','False')
INSERT INTO Student_Session VALUES('HE8','DBI-IA1604-22','True')
INSERT INTO Student_Session VALUES('HE8','DBI-IA1604-23','True')
INSERT INTO Student_Session VALUES('HE8','DBI-IA1604-24','True')
INSERT INTO Student_Session VALUES('HE8','DBI-IA1604-25','True')
INSERT INTO Student_Session VALUES('HE8','DBI-IA1604-26','True')
INSERT INTO Student_Session VALUES('HE8','DBI-IA1604-27','True')
INSERT INTO Student_Session VALUES('HE8','DBI-IA1604-28','True')
INSERT INTO Student_Session VALUES('HE8','DBI-IA1604-29','True')
INSERT INTO Student_Session VALUES('HE8','DBI-IA1604-30','True')

INSERT INTO Student_Session VALUES('HE9','PRO-IA1604-1','True')
INSERT INTO Student_Session VALUES('HE9','PRO-IA1604-2','True')
INSERT INTO Student_Session VALUES('HE9','PRO-IA1604-3','False')
INSERT INTO Student_Session VALUES('HE9','PRO-IA1604-4','True')
INSERT INTO Student_Session VALUES('HE9','PRO-IA1604-5','True')
INSERT INTO Student_Session VALUES('HE9','PRO-IA1604-6','True')
INSERT INTO Student_Session VALUES('HE9','PRO-IA1604-7','True')
INSERT INTO Student_Session VALUES('HE9','PRO-IA1604-8','True')
INSERT INTO Student_Session VALUES('HE9','PRO-IA1604-9','True')
INSERT INTO Student_Session VALUES('HE9','PRO-IA1604-10','True')
INSERT INTO Student_Session VALUES('HE9','PRO-IA1604-11','True')
INSERT INTO Student_Session VALUES('HE9','PRO-IA1604-12','True')
INSERT INTO Student_Session VALUES('HE9','PRO-IA1604-13','True')
INSERT INTO Student_Session VALUES('HE9','PRO-IA1604-14','True')
INSERT INTO Student_Session VALUES('HE9','PRO-IA1604-15','True')
INSERT INTO Student_Session VALUES('HE9','PRO-IA1604-16','True')
INSERT INTO Student_Session VALUES('HE9','PRO-IA1604-17','True')
INSERT INTO Student_Session VALUES('HE9','PRO-IA1604-18','True')
INSERT INTO Student_Session VALUES('HE9','PRO-IA1604-19','True')
INSERT INTO Student_Session VALUES('HE9','PRO-IA1604-20','True')
INSERT INTO Student_Session VALUES('HE9','PRO-IA1604-21','False')
INSERT INTO Student_Session VALUES('HE9','PRO-IA1604-22','True')
INSERT INTO Student_Session VALUES('HE9','PRO-IA1604-23','True')
INSERT INTO Student_Session VALUES('HE9','PRO-IA1604-24','True')
INSERT INTO Student_Session VALUES('HE9','PRO-IA1604-25','False')
INSERT INTO Student_Session VALUES('HE9','PRO-IA1604-26','True')
INSERT INTO Student_Session VALUES('HE9','PRO-IA1604-27','True')
INSERT INTO Student_Session VALUES('HE9','PRO-IA1604-28','True')
INSERT INTO Student_Session VALUES('HE9','PRO-IA1604-29','True')
INSERT INTO Student_Session VALUES('HE9','PRO-IA1604-30','True')
INSERT INTO Student_Session VALUES('HE9','NWC-IA1604-1','True')
INSERT INTO Student_Session VALUES('HE9','NWC-IA1604-2','True')
INSERT INTO Student_Session VALUES('HE9','NWC-IA1604-3','True')
INSERT INTO Student_Session VALUES('HE9','NWC-IA1604-4','True')
INSERT INTO Student_Session VALUES('HE9','NWC-IA1604-5','True')
INSERT INTO Student_Session VALUES('HE9','NWC-IA1604-6','True')
INSERT INTO Student_Session VALUES('HE9','NWC-IA1604-7','False')
INSERT INTO Student_Session VALUES('HE9','NWC-IA1604-8','True')
INSERT INTO Student_Session VALUES('HE9','NWC-IA1604-9','True')
INSERT INTO Student_Session VALUES('HE9','NWC-IA1604-10','True')
INSERT INTO Student_Session VALUES('HE9','NWC-IA1604-11','True')
INSERT INTO Student_Session VALUES('HE9','NWC-IA1604-12','True')
INSERT INTO Student_Session VALUES('HE9','NWC-IA1604-13','False')
INSERT INTO Student_Session VALUES('HE9','NWC-IA1604-14','False')
INSERT INTO Student_Session VALUES('HE9','NWC-IA1604-15','True')
INSERT INTO Student_Session VALUES('HE9','NWC-IA1604-16','True')
INSERT INTO Student_Session VALUES('HE9','NWC-IA1604-17','True')
INSERT INTO Student_Session VALUES('HE9','NWC-IA1604-18','True')
INSERT INTO Student_Session VALUES('HE9','NWC-IA1604-19','True')
INSERT INTO Student_Session VALUES('HE9','NWC-IA1604-20','True')
INSERT INTO Student_Session VALUES('HE9','NWC-IA1604-21','False')
INSERT INTO Student_Session VALUES('HE9','NWC-IA1604-22','True')
INSERT INTO Student_Session VALUES('HE9','NWC-IA1604-23','True')
INSERT INTO Student_Session VALUES('HE9','NWC-IA1604-24','True')
INSERT INTO Student_Session VALUES('HE9','NWC-IA1604-25','False')
INSERT INTO Student_Session VALUES('HE9','NWC-IA1604-26','True')
INSERT INTO Student_Session VALUES('HE9','NWC-IA1604-27','True')
INSERT INTO Student_Session VALUES('HE9','NWC-IA1604-28','True')
INSERT INTO Student_Session VALUES('HE9','NWC-IA1604-29','True')
INSERT INTO Student_Session VALUES('HE9','NWC-IA1604-30','True')
INSERT INTO Student_Session VALUES('HE9','MAD-IA1604-1','True')
INSERT INTO Student_Session VALUES('HE9','MAD-IA1604-2','True')
INSERT INTO Student_Session VALUES('HE9','MAD-IA1604-3','True')
INSERT INTO Student_Session VALUES('HE9','MAD-IA1604-4','True')
INSERT INTO Student_Session VALUES('HE9','MAD-IA1604-5','False')
INSERT INTO Student_Session VALUES('HE9','MAD-IA1604-6','True')
INSERT INTO Student_Session VALUES('HE9','MAD-IA1604-7','True')
INSERT INTO Student_Session VALUES('HE9','MAD-IA1604-8','True')
INSERT INTO Student_Session VALUES('HE9','MAD-IA1604-9','True')
INSERT INTO Student_Session VALUES('HE9','MAD-IA1604-10','False')
INSERT INTO Student_Session VALUES('HE9','MAD-IA1604-11','True')
INSERT INTO Student_Session VALUES('HE9','MAD-IA1604-12','True')
INSERT INTO Student_Session VALUES('HE9','MAD-IA1604-13','True')
INSERT INTO Student_Session VALUES('HE9','MAD-IA1604-14','True')
INSERT INTO Student_Session VALUES('HE9','MAD-IA1604-15','True')
INSERT INTO Student_Session VALUES('HE9','MAD-IA1604-16','True')
INSERT INTO Student_Session VALUES('HE9','MAD-IA1604-17','True')
INSERT INTO Student_Session VALUES('HE9','MAD-IA1604-18','False')
INSERT INTO Student_Session VALUES('HE9','MAD-IA1604-19','True')
INSERT INTO Student_Session VALUES('HE9','MAD-IA1604-20','True')
INSERT INTO Student_Session VALUES('HE9','MAD-IA1604-21','True')
INSERT INTO Student_Session VALUES('HE9','MAD-IA1604-22','True')
INSERT INTO Student_Session VALUES('HE9','MAD-IA1604-23','True')
INSERT INTO Student_Session VALUES('HE9','MAD-IA1604-24','True')
INSERT INTO Student_Session VALUES('HE9','MAD-IA1604-25','False')
INSERT INTO Student_Session VALUES('HE9','MAD-IA1604-26','True')
INSERT INTO Student_Session VALUES('HE9','MAD-IA1604-27','True')
INSERT INTO Student_Session VALUES('HE9','MAD-IA1604-28','True')
INSERT INTO Student_Session VALUES('HE9','MAD-IA1604-29','True')
INSERT INTO Student_Session VALUES('HE9','MAD-IA1604-30','True')
INSERT INTO Student_Session VALUES('HE9','DBI-IA1604-1','True')
INSERT INTO Student_Session VALUES('HE9','DBI-IA1604-2','True')
INSERT INTO Student_Session VALUES('HE9','DBI-IA1604-3','False')
INSERT INTO Student_Session VALUES('HE9','DBI-IA1604-4','False')
INSERT INTO Student_Session VALUES('HE9','DBI-IA1604-5','True')
INSERT INTO Student_Session VALUES('HE9','DBI-IA1604-6','True')
INSERT INTO Student_Session VALUES('HE9','DBI-IA1604-7','True')
INSERT INTO Student_Session VALUES('HE9','DBI-IA1604-8','True')
INSERT INTO Student_Session VALUES('HE9','DBI-IA1604-9','True')
INSERT INTO Student_Session VALUES('HE9','DBI-IA1604-10','True')
INSERT INTO Student_Session VALUES('HE9','DBI-IA1604-11','True')
INSERT INTO Student_Session VALUES('HE9','DBI-IA1604-12','True')
INSERT INTO Student_Session VALUES('HE9','DBI-IA1604-13','True')
INSERT INTO Student_Session VALUES('HE9','DBI-IA1604-14','True')
INSERT INTO Student_Session VALUES('HE9','DBI-IA1604-15','True')
INSERT INTO Student_Session VALUES('HE9','DBI-IA1604-16','True')
INSERT INTO Student_Session VALUES('HE9','DBI-IA1604-17','False')
INSERT INTO Student_Session VALUES('HE9','DBI-IA1604-18','True')
INSERT INTO Student_Session VALUES('HE9','DBI-IA1604-19','True')
INSERT INTO Student_Session VALUES('HE9','DBI-IA1604-20','True')
INSERT INTO Student_Session VALUES('HE9','DBI-IA1604-21','False')
INSERT INTO Student_Session VALUES('HE9','DBI-IA1604-22','True')
INSERT INTO Student_Session VALUES('HE9','DBI-IA1604-23','True')
INSERT INTO Student_Session VALUES('HE9','DBI-IA1604-24','True')
INSERT INTO Student_Session VALUES('HE9','DBI-IA1604-25','True')
INSERT INTO Student_Session VALUES('HE9','DBI-IA1604-26','True')
INSERT INTO Student_Session VALUES('HE9','DBI-IA1604-27','True')
INSERT INTO Student_Session VALUES('HE9','DBI-IA1604-28','True')
INSERT INTO Student_Session VALUES('HE9','DBI-IA1604-29','True')
INSERT INTO Student_Session VALUES('HE9','DBI-IA1604-30','True')

INSERT INTO Student_Session VALUES('HE10','PRO-IA1604-1','True')
INSERT INTO Student_Session VALUES('HE10','PRO-IA1604-2','True')
INSERT INTO Student_Session VALUES('HE10','PRO-IA1604-3','False')
INSERT INTO Student_Session VALUES('HE10','PRO-IA1604-4','True')
INSERT INTO Student_Session VALUES('HE10','PRO-IA1604-5','True')
INSERT INTO Student_Session VALUES('HE10','PRO-IA1604-6','True')
INSERT INTO Student_Session VALUES('HE10','PRO-IA1604-7','True')
INSERT INTO Student_Session VALUES('HE10','PRO-IA1604-8','True')
INSERT INTO Student_Session VALUES('HE10','PRO-IA1604-9','False')
INSERT INTO Student_Session VALUES('HE10','PRO-IA1604-10','True')
INSERT INTO Student_Session VALUES('HE10','PRO-IA1604-11','True')
INSERT INTO Student_Session VALUES('HE10','PRO-IA1604-12','True')
INSERT INTO Student_Session VALUES('HE10','PRO-IA1604-13','True')
INSERT INTO Student_Session VALUES('HE10','PRO-IA1604-14','True')
INSERT INTO Student_Session VALUES('HE10','PRO-IA1604-15','True')
INSERT INTO Student_Session VALUES('HE10','PRO-IA1604-16','True')
INSERT INTO Student_Session VALUES('HE10','PRO-IA1604-17','True')
INSERT INTO Student_Session VALUES('HE10','PRO-IA1604-18','True')
INSERT INTO Student_Session VALUES('HE10','PRO-IA1604-19','True')
INSERT INTO Student_Session VALUES('HE10','PRO-IA1604-20','True')
INSERT INTO Student_Session VALUES('HE10','PRO-IA1604-21','False')
INSERT INTO Student_Session VALUES('HE10','PRO-IA1604-22','True')
INSERT INTO Student_Session VALUES('HE10','PRO-IA1604-23','True')
INSERT INTO Student_Session VALUES('HE10','PRO-IA1604-24','True')
INSERT INTO Student_Session VALUES('HE10','PRO-IA1604-25','False')
INSERT INTO Student_Session VALUES('HE10','PRO-IA1604-26','True')
INSERT INTO Student_Session VALUES('HE10','PRO-IA1604-27','True')
INSERT INTO Student_Session VALUES('HE10','PRO-IA1604-28','True')
INSERT INTO Student_Session VALUES('HE10','PRO-IA1604-29','True')
INSERT INTO Student_Session VALUES('HE10','PRO-IA1604-30','True')
INSERT INTO Student_Session VALUES('HE10','NWC-IA1604-1','False')
INSERT INTO Student_Session VALUES('HE10','NWC-IA1604-2','True')
INSERT INTO Student_Session VALUES('HE10','NWC-IA1604-3','True')
INSERT INTO Student_Session VALUES('HE10','NWC-IA1604-4','True')
INSERT INTO Student_Session VALUES('HE10','NWC-IA1604-5','True')
INSERT INTO Student_Session VALUES('HE10','NWC-IA1604-6','True')
INSERT INTO Student_Session VALUES('HE10','NWC-IA1604-7','False')
INSERT INTO Student_Session VALUES('HE10','NWC-IA1604-8','True')
INSERT INTO Student_Session VALUES('HE10','NWC-IA1604-9','True')
INSERT INTO Student_Session VALUES('HE10','NWC-IA1604-10','True')
INSERT INTO Student_Session VALUES('HE10','NWC-IA1604-11','True')
INSERT INTO Student_Session VALUES('HE10','NWC-IA1604-12','True')
INSERT INTO Student_Session VALUES('HE10','NWC-IA1604-13','False')
INSERT INTO Student_Session VALUES('HE10','NWC-IA1604-14','True')
INSERT INTO Student_Session VALUES('HE10','NWC-IA1604-15','True')
INSERT INTO Student_Session VALUES('HE10','NWC-IA1604-16','True')
INSERT INTO Student_Session VALUES('HE10','NWC-IA1604-17','True')
INSERT INTO Student_Session VALUES('HE10','NWC-IA1604-18','True')
INSERT INTO Student_Session VALUES('HE10','NWC-IA1604-19','True')
INSERT INTO Student_Session VALUES('HE10','NWC-IA1604-20','True')
INSERT INTO Student_Session VALUES('HE10','NWC-IA1604-21','False')
INSERT INTO Student_Session VALUES('HE10','NWC-IA1604-22','True')
INSERT INTO Student_Session VALUES('HE10','NWC-IA1604-23','True')
INSERT INTO Student_Session VALUES('HE10','NWC-IA1604-24','True')
INSERT INTO Student_Session VALUES('HE10','NWC-IA1604-25','False')
INSERT INTO Student_Session VALUES('HE10','NWC-IA1604-26','True')
INSERT INTO Student_Session VALUES('HE10','NWC-IA1604-27','True')
INSERT INTO Student_Session VALUES('HE10','NWC-IA1604-28','True')
INSERT INTO Student_Session VALUES('HE10','NWC-IA1604-29','True')
INSERT INTO Student_Session VALUES('HE10','NWC-IA1604-30','True')
INSERT INTO Student_Session VALUES('HE10','MAD-IA1604-1','True')
INSERT INTO Student_Session VALUES('HE10','MAD-IA1604-2','True')
INSERT INTO Student_Session VALUES('HE10','MAD-IA1604-3','True')
INSERT INTO Student_Session VALUES('HE10','MAD-IA1604-4','False')
INSERT INTO Student_Session VALUES('HE10','MAD-IA1604-5','False')
INSERT INTO Student_Session VALUES('HE10','MAD-IA1604-6','True')
INSERT INTO Student_Session VALUES('HE10','MAD-IA1604-7','True')
INSERT INTO Student_Session VALUES('HE10','MAD-IA1604-8','True')
INSERT INTO Student_Session VALUES('HE10','MAD-IA1604-9','True')
INSERT INTO Student_Session VALUES('HE10','MAD-IA1604-10','True')
INSERT INTO Student_Session VALUES('HE10','MAD-IA1604-11','True')
INSERT INTO Student_Session VALUES('HE10','MAD-IA1604-12','True')
INSERT INTO Student_Session VALUES('HE10','MAD-IA1604-13','True')
INSERT INTO Student_Session VALUES('HE10','MAD-IA1604-14','True')
INSERT INTO Student_Session VALUES('HE10','MAD-IA1604-15','True')
INSERT INTO Student_Session VALUES('HE10','MAD-IA1604-16','True')
INSERT INTO Student_Session VALUES('HE10','MAD-IA1604-17','True')
INSERT INTO Student_Session VALUES('HE10','MAD-IA1604-18','False')
INSERT INTO Student_Session VALUES('HE10','MAD-IA1604-19','True')
INSERT INTO Student_Session VALUES('HE10','MAD-IA1604-20','True')
INSERT INTO Student_Session VALUES('HE10','MAD-IA1604-21','True')
INSERT INTO Student_Session VALUES('HE10','MAD-IA1604-22','True')
INSERT INTO Student_Session VALUES('HE10','MAD-IA1604-23','False')
INSERT INTO Student_Session VALUES('HE10','MAD-IA1604-24','True')
INSERT INTO Student_Session VALUES('HE10','MAD-IA1604-25','False')
INSERT INTO Student_Session VALUES('HE10','MAD-IA1604-26','True')
INSERT INTO Student_Session VALUES('HE10','MAD-IA1604-27','True')
INSERT INTO Student_Session VALUES('HE10','MAD-IA1604-28','True')
INSERT INTO Student_Session VALUES('HE10','MAD-IA1604-29','True')
INSERT INTO Student_Session VALUES('HE10','MAD-IA1604-30','True')
INSERT INTO Student_Session VALUES('HE10','DBI-IA1604-1','True')
INSERT INTO Student_Session VALUES('HE10','DBI-IA1604-2','True')
INSERT INTO Student_Session VALUES('HE10','DBI-IA1604-3','False')
INSERT INTO Student_Session VALUES('HE10','DBI-IA1604-4','True')
INSERT INTO Student_Session VALUES('HE10','DBI-IA1604-5','True')
INSERT INTO Student_Session VALUES('HE10','DBI-IA1604-6','True')
INSERT INTO Student_Session VALUES('HE10','DBI-IA1604-7','True')
INSERT INTO Student_Session VALUES('HE10','DBI-IA1604-8','True')
INSERT INTO Student_Session VALUES('HE10','DBI-IA1604-9','True')
INSERT INTO Student_Session VALUES('HE10','DBI-IA1604-10','True')
INSERT INTO Student_Session VALUES('HE10','DBI-IA1604-11','True')
INSERT INTO Student_Session VALUES('HE10','DBI-IA1604-12','True')
INSERT INTO Student_Session VALUES('HE10','DBI-IA1604-13','True')
INSERT INTO Student_Session VALUES('HE10','DBI-IA1604-14','True')
INSERT INTO Student_Session VALUES('HE10','DBI-IA1604-15','True')
INSERT INTO Student_Session VALUES('HE10','DBI-IA1604-16','True')
INSERT INTO Student_Session VALUES('HE10','DBI-IA1604-17','False')
INSERT INTO Student_Session VALUES('HE10','DBI-IA1604-18','True')
INSERT INTO Student_Session VALUES('HE10','DBI-IA1604-19','True')
INSERT INTO Student_Session VALUES('HE10','DBI-IA1604-20','True')
INSERT INTO Student_Session VALUES('HE10','DBI-IA1604-21','False')
INSERT INTO Student_Session VALUES('HE10','DBI-IA1604-22','True')
INSERT INTO Student_Session VALUES('HE10','DBI-IA1604-23','False')
INSERT INTO Student_Session VALUES('HE10','DBI-IA1604-24','True')
INSERT INTO Student_Session VALUES('HE10','DBI-IA1604-25','True')
INSERT INTO Student_Session VALUES('HE10','DBI-IA1604-26','True')
INSERT INTO Student_Session VALUES('HE10','DBI-IA1604-27','True')
INSERT INTO Student_Session VALUES('HE10','DBI-IA1604-28','True')
INSERT INTO Student_Session VALUES('HE10','DBI-IA1604-29','True')
INSERT INTO Student_Session VALUES('HE10','DBI-IA1604-30','True')

--Lecturer Session
INSERT INTO Lecturer_Session VALUES('KhuongPD','PRO-IA1604-1','True')
INSERT INTO Lecturer_Session VALUES('KhuongPD','PRO-IA1604-2','True')
INSERT INTO Lecturer_Session VALUES('KhuongPD','PRO-IA1604-3','True')
INSERT INTO Lecturer_Session VALUES('KhuongPD','PRO-IA1604-4','True')
INSERT INTO Lecturer_Session VALUES('KhuongPD','PRO-IA1604-5','True')
INSERT INTO Lecturer_Session VALUES('KhuongPD','PRO-IA1604-6','True')
INSERT INTO Lecturer_Session VALUES('KhuongPD','PRO-IA1604-7','True')
INSERT INTO Lecturer_Session VALUES('KhuongPD','PRO-IA1604-8','True')
INSERT INTO Lecturer_Session VALUES('KhuongPD','PRO-IA1604-9','True')
INSERT INTO Lecturer_Session VALUES('KhuongPD','PRO-IA1604-10','True')
INSERT INTO Lecturer_Session VALUES('KhuongPD','PRO-IA1604-11','True')
INSERT INTO Lecturer_Session VALUES('KhuongPD','PRO-IA1604-12','True')
INSERT INTO Lecturer_Session VALUES('KhuongPD','PRO-IA1604-13','True')
INSERT INTO Lecturer_Session VALUES('KhuongPD','PRO-IA1604-14','True')
INSERT INTO Lecturer_Session VALUES('KhuongPD','PRO-IA1604-15','True')
INSERT INTO Lecturer_Session VALUES('KhuongPD','PRO-IA1604-16','True')
INSERT INTO Lecturer_Session VALUES('KhuongPD','PRO-IA1604-17','True')
INSERT INTO Lecturer_Session VALUES('KhuongPD','PRO-IA1604-18','True')
INSERT INTO Lecturer_Session VALUES('KhuongPD','PRO-IA1604-19','True')
INSERT INTO Lecturer_Session VALUES('KhuongPD','PRO-IA1604-20','True')
INSERT INTO Lecturer_Session VALUES('KhuongPD','PRO-IA1604-21','True')
INSERT INTO Lecturer_Session VALUES('KhuongPD','PRO-IA1604-22','True')
INSERT INTO Lecturer_Session VALUES('KhuongPD','PRO-IA1604-23','True')
INSERT INTO Lecturer_Session VALUES('KhuongPD','PRO-IA1604-24','True')
INSERT INTO Lecturer_Session VALUES('KhuongPD','PRO-IA1604-25','True')
INSERT INTO Lecturer_Session VALUES('KhuongPD','PRO-IA1604-26','True')
INSERT INTO Lecturer_Session VALUES('KhuongPD','PRO-IA1604-27','True')
INSERT INTO Lecturer_Session VALUES('KhuongPD','PRO-IA1604-28','True')
INSERT INTO Lecturer_Session VALUES('KhuongPD','PRO-IA1604-29','True')
INSERT INTO Lecturer_Session VALUES('KhuongPD','PRO-IA1604-30','True')

INSERT INTO Lecturer_Session VALUES('DucHM','NWC-IA1604-1','True')
INSERT INTO Lecturer_Session VALUES('DucHM','NWC-IA1604-2','True')
INSERT INTO Lecturer_Session VALUES('DucHM','NWC-IA1604-3','True')
INSERT INTO Lecturer_Session VALUES('DucHM','NWC-IA1604-4','True')
INSERT INTO Lecturer_Session VALUES('DucHM','NWC-IA1604-5','True')
INSERT INTO Lecturer_Session VALUES('DucHM','NWC-IA1604-6','True')
INSERT INTO Lecturer_Session VALUES('DucHM','NWC-IA1604-7','True')
INSERT INTO Lecturer_Session VALUES('DucHM','NWC-IA1604-8','True')
INSERT INTO Lecturer_Session VALUES('DucHM','NWC-IA1604-9','True')
INSERT INTO Lecturer_Session VALUES('DucHM','NWC-IA1604-10','True')
INSERT INTO Lecturer_Session VALUES('DucHM','NWC-IA1604-11','True')
INSERT INTO Lecturer_Session VALUES('DucHM','NWC-IA1604-12','True')
INSERT INTO Lecturer_Session VALUES('DucHM','NWC-IA1604-13','True')
INSERT INTO Lecturer_Session VALUES('DucHM','NWC-IA1604-14','True')
INSERT INTO Lecturer_Session VALUES('DucHM','NWC-IA1604-15','True')
INSERT INTO Lecturer_Session VALUES('DucHM','NWC-IA1604-16','True')
INSERT INTO Lecturer_Session VALUES('DucHM','NWC-IA1604-17','True')
INSERT INTO Lecturer_Session VALUES('DucHM','NWC-IA1604-18','True')
INSERT INTO Lecturer_Session VALUES('DucHM','NWC-IA1604-19','True')
INSERT INTO Lecturer_Session VALUES('DucHM','NWC-IA1604-20','True')
INSERT INTO Lecturer_Session VALUES('DucHM','NWC-IA1604-21','True')
INSERT INTO Lecturer_Session VALUES('DucHM','NWC-IA1604-22','True')
INSERT INTO Lecturer_Session VALUES('DucHM','NWC-IA1604-23','True')
INSERT INTO Lecturer_Session VALUES('DucHM','NWC-IA1604-24','True')
INSERT INTO Lecturer_Session VALUES('DucHM','NWC-IA1604-25','True')
INSERT INTO Lecturer_Session VALUES('DucHM','NWC-IA1604-26','True')
INSERT INTO Lecturer_Session VALUES('DucHM','NWC-IA1604-27','True')
INSERT INTO Lecturer_Session VALUES('DucHM','NWC-IA1604-28','True')
INSERT INTO Lecturer_Session VALUES('DucHM','NWC-IA1604-29','True')
INSERT INTO Lecturer_Session VALUES('DucHM','NWC-IA1604-30','True')

INSERT INTO Lecturer_Session VALUES('TungH','MAD-IA1604-1','True')
INSERT INTO Lecturer_Session VALUES('TungH','MAD-IA1604-2','True')
INSERT INTO Lecturer_Session VALUES('TungH','MAD-IA1604-3','True')
INSERT INTO Lecturer_Session VALUES('TungH','MAD-IA1604-4','True')
INSERT INTO Lecturer_Session VALUES('TungH','MAD-IA1604-5','True')
INSERT INTO Lecturer_Session VALUES('TungH','MAD-IA1604-6','True')
INSERT INTO Lecturer_Session VALUES('TungH','MAD-IA1604-7','True')
INSERT INTO Lecturer_Session VALUES('TungH','MAD-IA1604-8','True')
INSERT INTO Lecturer_Session VALUES('TungH','MAD-IA1604-9','True')
INSERT INTO Lecturer_Session VALUES('TungH','MAD-IA1604-10','True')
INSERT INTO Lecturer_Session VALUES('TungH','MAD-IA1604-11','True')
INSERT INTO Lecturer_Session VALUES('TungH','MAD-IA1604-12','True')
INSERT INTO Lecturer_Session VALUES('TungH','MAD-IA1604-13','True')
INSERT INTO Lecturer_Session VALUES('TungH','MAD-IA1604-14','True')
INSERT INTO Lecturer_Session VALUES('TungH','MAD-IA1604-15','True')
INSERT INTO Lecturer_Session VALUES('TungH','MAD-IA1604-16','True')
INSERT INTO Lecturer_Session VALUES('TungH','MAD-IA1604-17','True')
INSERT INTO Lecturer_Session VALUES('TungH','MAD-IA1604-18','True')
INSERT INTO Lecturer_Session VALUES('TungH','MAD-IA1604-19','True')
INSERT INTO Lecturer_Session VALUES('TungH','MAD-IA1604-20','True')
INSERT INTO Lecturer_Session VALUES('TungH','MAD-IA1604-21','True')
INSERT INTO Lecturer_Session VALUES('TungH','MAD-IA1604-22','True')
INSERT INTO Lecturer_Session VALUES('TungH','MAD-IA1604-23','True')
INSERT INTO Lecturer_Session VALUES('TungH','MAD-IA1604-24','True')
INSERT INTO Lecturer_Session VALUES('TungH','MAD-IA1604-25','True')
INSERT INTO Lecturer_Session VALUES('TungH','MAD-IA1604-26','True')
INSERT INTO Lecturer_Session VALUES('TungH','MAD-IA1604-27','True')
INSERT INTO Lecturer_Session VALUES('TungH','MAD-IA1604-28','True')
INSERT INTO Lecturer_Session VALUES('TungH','MAD-IA1604-29','True')
INSERT INTO Lecturer_Session VALUES('TungH','MAD-IA1604-30','True')

INSERT INTO Lecturer_Session VALUES('sonnt5','DBI-IA1604-1','True')
INSERT INTO Lecturer_Session VALUES('sonnt5','DBI-IA1604-2','True')
INSERT INTO Lecturer_Session VALUES('sonnt5','DBI-IA1604-3','True')
INSERT INTO Lecturer_Session VALUES('sonnt5','DBI-IA1604-4','True')
INSERT INTO Lecturer_Session VALUES('sonnt5','DBI-IA1604-5','True')
INSERT INTO Lecturer_Session VALUES('sonnt5','DBI-IA1604-6','True')
INSERT INTO Lecturer_Session VALUES('sonnt5','DBI-IA1604-7','True')
INSERT INTO Lecturer_Session VALUES('sonnt5','DBI-IA1604-8','True')
INSERT INTO Lecturer_Session VALUES('sonnt5','DBI-IA1604-9','True')
INSERT INTO Lecturer_Session VALUES('sonnt5','DBI-IA1604-10','True')
INSERT INTO Lecturer_Session VALUES('sonnt5','DBI-IA1604-11','True')
INSERT INTO Lecturer_Session VALUES('sonnt5','DBI-IA1604-12','True')
INSERT INTO Lecturer_Session VALUES('sonnt5','DBI-IA1604-13','True')
INSERT INTO Lecturer_Session VALUES('sonnt5','DBI-IA1604-14','True')
INSERT INTO Lecturer_Session VALUES('sonnt5','DBI-IA1604-15','True')
INSERT INTO Lecturer_Session VALUES('sonnt5','DBI-IA1604-16','True')
INSERT INTO Lecturer_Session VALUES('sonnt5','DBI-IA1604-17','True')
INSERT INTO Lecturer_Session VALUES('sonnt5','DBI-IA1604-18','True')
INSERT INTO Lecturer_Session VALUES('sonnt5','DBI-IA1604-19','True')
INSERT INTO Lecturer_Session VALUES('sonnt5','DBI-IA1604-20','True')
INSERT INTO Lecturer_Session VALUES('sonnt5','DBI-IA1604-21','True')
INSERT INTO Lecturer_Session VALUES('sonnt5','DBI-IA1604-22','True')
INSERT INTO Lecturer_Session VALUES('sonnt5','DBI-IA1604-23','True')
INSERT INTO Lecturer_Session VALUES('sonnt5','DBI-IA1604-24','True')
INSERT INTO Lecturer_Session VALUES('sonnt5','DBI-IA1604-25','True')
INSERT INTO Lecturer_Session VALUES('sonnt5','DBI-IA1604-26','True')
INSERT INTO Lecturer_Session VALUES('sonnt5','DBI-IA1604-27','True')
INSERT INTO Lecturer_Session VALUES('sonnt5','DBI-IA1604-28','True')
INSERT INTO Lecturer_Session VALUES('sonnt5','DBI-IA1604-29','True')
INSERT INTO Lecturer_Session VALUES('sonnt5','DBI-IA1604-30','True')

--Semester
INSERT INTO [Semester] VALUES('Summer-2022','2022-05-01','2022-08-30')

